Vehicle_label,Utilities,Probabilities,Routes_taken,Gamma,Eta
0,"[-3.2926189661622414, -2.509487242743256, -2.0952727985802957, -1.8677730260586642]","[0.09383636189988954, 0.20534349408676492, 0.3107219938624265, 0.39009815015091914]","[1, 3, 0, 2, 1, 1, 2, 2, 3, 3, 1, 1, 2, 2, 3, 3, 3, 2, 3, 0, 3, 0, 3, 1, 0, 0, 2, 2, 2, 3, 2, 3, 3, 1, 2, 3, 3, 1, 3, 3, 2, 1, 3, 2]",4.387327716891795,0.5916685745426549
1,"[-2.323757323910684, -2.634664787734687, -1.7938625592813988, -2.121522882037486]","[0.21479184788898797, 0.15739553147861476, 0.3648784098712636, 0.2629342107611337]","[3, 2, 0, 1, 2, 0, 2, 3, 0, 0, 3, 1, 3, 2, 3, 2, 1, 2, 3, 2, 2, 2, 1, 0, 1, 2, 2, 1, 2, 2, 0, 2, 2, 3, 3, 1, 3, 2, 2, 1, 2, 3, 2, 2]",4.756538246951499,0.4260766689740587
2,"[-2.2734005402498143, -2.6091432947470845, -2.361688366676191, -2.255541909448154]","[0.274098511791419, 0.19592752478833533, 0.25093645692772976, 0.27903750649251596]","[2, 1, 3, 0, 1, 1, 3, 2, 2, 0, 3, 1, 2, 0, 2, 1, 3, 1, 3, 2, 0, 1, 2, 3, 3, 2, 3, 2, 0, 2, 2, 0, 3, 2, 0, 0, 1, 0, 0, 1, 2, 2, 2, 1]",4.831769822528457,0.4774679381154493
3,"[-2.6465755596720912, -2.588563345282941, -2.1982079549576468, -2.427570687476525]","[0.20532534062802835, 0.21758900016333604, 0.3214890079845077, 0.25559665122412795]","[1, 2, 0, 3, 2, 1, 2, 0, 3, 0, 3, 2, 2, 2, 0, 0, 2, 1, 1, 1, 3, 0, 0, 0, 0, 3, 0, 2, 3, 2, 1, 2, 2, 3, 2, 3, 1, 1, 1, 2, 0, 3, 3, 2]",5.291330169061063,0.4091650182221674
4,"[-2.1507515091414517, -2.341732067794428, -1.8546560651615485, -2.3192013292130813]","[0.24902129668347134, 0.20572860793626307, 0.3348336581384421, 0.2104164372418235]","[3, 0, 1, 2, 3, 1, 1, 1, 3, 0, 3, 3, 0, 0, 2, 1, 3, 2, 2, 0, 2, 0, 2, 2, 2, 2, 2, 2, 0, 2, 2, 3, 3, 3, 2, 2, 3, 1, 0, 2, 0, 0, 2, 1]",5.045563162787139,0.4032307946350287
5,"[-3.6201352339867388, -2.544362901721504, -3.226864319971347, -3.9184094699460554]","[0.16243854602764504, 0.4763115153629743, 0.2407046506523036, 0.12054528795707706]","[0, 1, 2, 3, 2, 2, 0, 2, 3, 2, 1, 1, 0, 3, 0, 2, 2, 0, 2, 1, 1, 3, 0, 0, 2, 0, 1, 2, 1, 3, 1, 1, 2, 1, 0, 0, 2, 3, 2, 0, 1, 1, 0, 0]",4.7283210248721375,0.7094490558856106
6,"[-3.0403391036170544, -2.940454446603691, -2.7676782271291858, -2.4767172657833325]","[0.1932171936513907, 0.2135133946027411, 0.2537820399914729, 0.3394873717543953]","[3, 0, 1, 2, 1, 3, 0, 2, 2, 0, 3, 1, 3, 2, 3, 1, 1, 2, 3, 2, 3, 2, 1, 3, 2, 0, 3, 2, 3, 3, 2, 1, 0, 2, 0, 2, 3, 3, 1, 1, 2, 3, 1, 3]",6.20945160704085,0.51089497112827
7,"[-2.567833897698086, -2.6138940572634817, -1.9574058176462727, -2.654603765334288]","[0.2121749371444588, 0.20262377817302907, 0.39066061458164775, 0.19454067010086443]","[2, 1, 0, 3, 0, 3, 2, 1, 3, 2, 2, 2, 1, 3, 3, 0, 0, 3, 3, 1, 2, 1, 0, 1, 3, 3, 2, 3, 1, 1, 2, 3, 1, 0, 1, 0, 2, 0, 3, 2, 0, 3, 2, 0]",4.302607866911651,0.4413161900651419
8,"[-2.514460994153824, -2.8522986233858596, -2.720358699027709, -2.5617957101502857]","[0.2872741404852639, 0.20491583296920501, 0.23381711461555799, 0.2739929119299731]","[2, 1, 3, 0, 0, 3, 1, 2, 2, 0, 3, 1, 1, 1, 3, 2, 2, 2, 0, 3, 1, 0, 2, 3, 2, 2, 2, 2, 2, 3, 1, 3, 2, 1, 1, 1, 1, 1, 3, 2, 3, 2, 2, 3]",5.180132471723498,0.4914827757539872
9,"[-2.9059197105969763, -2.581425154478803, -2.832091504677912, -2.7986062880391724]","[0.21866353475421493, 0.30248410587279745, 0.23541793545517253, 0.24343442391781514]","[1, 2, 0, 3, 3, 2, 3, 1, 2, 1, 0, 3, 0, 0, 2, 0, 1, 1, 3, 2, 3, 3, 2, 2, 1, 0, 2, 3, 1, 3, 3, 3, 0, 2, 0, 0, 1, 0, 0, 2, 1, 2, 3, 1]",4.686470338861388,0.4703953425389975
10,"[-3.0913652958793976, -3.6428110979108013, -3.0826435162454233, -3.287928023669593]","[0.29356281517362404, 0.16912631053458602, 0.2961344034679174, 0.24117647082387256]","[0, 3, 1, 2, 0, 3, 1, 2, 3, 2, 2, 2, 3, 2, 1, 0, 3, 0, 3, 0, 3, 2, 2, 2, 2, 0, 2, 2, 0, 3, 2, 2, 0, 2, 2, 0, 1, 1, 3, 1, 0, 2, 0, 3]",5.536375102217471,0.5982179893636089
11,"[-2.9987490916092545, -3.0072693210250208, -2.9351172311138507, -3.0880177568353107]","[0.2517740132595873, 0.24963795368662295, 0.2683155659979902, 0.2302724670557996]","[2, 3, 0, 1, 2, 2, 2, 2, 0, 2, 0, 1, 1, 1, 0, 1, 0, 1, 3, 3, 2, 0, 0, 2, 1, 1, 1, 3, 2, 3, 2, 2, 2, 1, 0, 3, 1, 1, 0, 2, 3, 1, 1, 3]",4.836204353544442,0.5111705766256293
12,"[-2.7532930963107662, -2.774915218497871, -2.497675472074451, -2.705503553211172]","[0.23154479606800726, 0.2265920436606425, 0.29898427576010256, 0.24287888451124767]","[0, 3, 2, 1, 1, 0, 1, 2, 0, 0, 3, 1, 1, 0, 1, 2, 0, 3, 0, 0, 1, 2, 3, 0, 3, 1, 1, 2, 0, 2, 0, 3, 3, 2, 0, 2, 1, 1, 0, 0, 3, 1, 2, 2]",4.519164852716405,0.4620742933351313
13,"[-2.493544983388203, -2.415937238972025, -2.4550460620183, -1.7193467393644124]","[0.18907877900849407, 0.2043371841361272, 0.1965000468506368, 0.41008399000474194]","[0, 3, 1, 2, 3, 1, 3, 3, 2, 2, 3, 1, 2, 3, 3, 2, 3, 0, 3, 0, 3, 3, 3, 0, 1, 0, 0, 0, 0, 1, 0, 3, 0, 2, 1, 2, 3, 2, 3, 3, 0, 3, 3, 2]",5.242898862617598,0.2993225891727911
14,"[-2.4629300253203135, -2.4821427257221558, -2.588051772463313, -2.5948010561659256]","[0.2673929645592131, 0.26230466019384985, 0.23594473565024618, 0.234357639596691]","[1, 0, 2, 3, 3, 1, 1, 3, 3, 1, 0, 1, 2, 1, 0, 2, 3, 2, 0, 0, 1, 0, 0, 0, 2, 1, 3, 1, 0, 1, 3, 2, 0, 1, 0, 2, 1, 0, 1, 3, 0, 1, 1, 1]",5.328131598434587,0.3729634661113969
15,"[-2.9707433621366226, -2.700309104172877, -2.3784229902269356, -2.8921846682447425]","[0.1922914407051995, 0.2520043626474202, 0.34769738335407846, 0.20800681329330192]","[0, 1, 2, 3, 2, 2, 2, 0, 1, 3, 1, 3, 0, 2, 3, 2, 0, 0, 1, 2, 2, 3, 1, 2, 2, 2, 3, 1, 2, 1, 1, 0, 2, 2, 1, 1, 1, 2, 1, 0, 0, 2, 0, 3]",4.585201976949268,0.4424073938489805
16,"[-2.9333283266858503, -2.590133901932853, -2.7072723555250846, -3.0381703821554695]","[0.21912739677242282, 0.3088475241805719, 0.2747081474932634, 0.1973169315537419]","[0, 2, 1, 3, 1, 1, 2, 0, 2, 2, 1, 3, 1, 1, 1, 0, 3, 2, 0, 0, 0, 2, 3, 3, 0, 1, 2, 1, 2, 1, 3, 1, 2, 1, 3, 0, 3, 1, 1, 3, 3, 2, 1, 3]",4.427004690671738,0.4683123468475122
17,"[-3.036145736277061, -2.9586411283987264, -3.3362234746619865, -3.1063964672408604]","[0.26641744814997653, 0.28788728743435255, 0.19735155750934763, 0.24834370690632318]","[1, 2, 0, 3, 2, 0, 0, 0, 0, 2, 0, 1, 3, 3, 1, 0, 3, 1, 1, 0, 0, 0, 0, 0, 3, 3, 0, 0, 2, 2, 2, 2, 1, 2, 3, 0, 0, 0, 2, 0, 0, 0, 1, 3]",5.004795208492897,0.5129030629626294
18,"[-3.681861517828902, -3.6849621477152157, -3.6007257436966205, -3.810263118164724]","[0.2524664451300192, 0.25168485246592404, 0.27380443849508773, 0.22204426390896914]","[2, 1, 3, 0, 0, 3, 3, 3, 3, 3, 1, 2, 0, 2, 0, 2, 0, 1, 1, 0, 1, 0, 2, 1, 1, 2, 1, 1, 2, 2, 1, 1, 1, 0, 2, 2, 2, 1, 3, 3, 1, 0, 3, 1]",4.560640586695151,0.6295853339242021
19,"[-3.5025218854291347, -3.389341574865143, -3.5077849559422423, -3.622926555336603]","[0.2499283838270913, 0.2798782599405277, 0.2486164485520856, 0.2215769076802954]","[3, 0, 1, 2, 3, 1, 0, 1, 3, 3, 0, 1, 0, 1, 1, 1, 2, 0, 2, 2, 0, 2, 1, 2, 2, 0, 0, 3, 2, 0, 3, 3, 3, 1, 2, 3, 1, 1, 0, 1, 2, 2, 2, 0]",4.5389496132423135,0.5783527665555374
20,"[-2.4605510408442575, -2.484819288196107, -2.735237101997411, -2.693008464521137]","[0.28341313522541134, 0.2766179818840003, 0.2153403099509947, 0.22462857293959376]","[0, 2, 1, 3, 2, 1, 2, 0, 0, 2, 0, 3, 0, 3, 1, 2, 3, 2, 1, 0, 1, 0, 3, 2, 2, 1, 0, 2, 1, 1, 2, 2, 0, 2, 1, 1, 0, 1, 2, 2, 3, 3, 2, 2]",5.251557330386705,0.3495698550228214
21,"[-2.6303994142701796, -2.6020620650691884, -2.6769161735847122, -2.728661675827645]","[0.2570890777042342, 0.2644785045873932, 0.24540400964863196, 0.2330284080597405]","[2, 0, 3, 1, 0, 3, 3, 3, 0, 3, 3, 1, 1, 2, 0, 3, 0, 3, 2, 1, 2, 1, 0, 0, 2, 2, 0, 1, 2, 1, 2, 1, 0, 2, 2, 3, 2, 1, 1, 2, 2, 3, 3, 3]",4.748398979333544,0.3585688645358807
22,"[-2.421294910704626, -2.5118929048845122, -2.459197045047789, -2.6250873227786835]","[0.2708688425302926, 0.24740748982286978, 0.26079446156055014, 0.22092920608628755]","[2, 3, 1, 0, 2, 1, 1, 2, 3, 0, 2, 3, 3, 1, 3, 1, 2, 1, 2, 0, 2, 1, 1, 2, 0, 3, 1, 3, 0, 0, 1, 1, 1, 3, 1, 1, 2, 1, 1, 2, 2, 1, 1, 0]",3.660753882223916,0.3767932068074445
23,"[-3.040540546653121, -3.2700898923876243, -3.467985353942206, -3.5896929893083316]","[0.3306327082796042, 0.262817209827814, 0.21562985626030615, 0.19092022563227568]","[0, 3, 2, 1, 1, 2, 1, 2, 2, 1, 2, 1, 0, 2, 2, 2, 1, 3, 0, 3, 3, 1, 0, 2, 0, 2, 1, 3, 3, 3, 2, 2, 3, 1, 3, 3, 1, 1, 2, 1, 3, 3, 0, 0]",4.251279152878516,0.5507163261588576
24,"[-2.9177286158514626, -2.652347997938991, -2.928922685961929, -3.06573867321668]","[0.24066126181406458, 0.31380476030358667, 0.23798230496615844, 0.20755167291619026]","[0, 1, 2, 3, 1, 3, 0, 1, 0, 0, 0, 3, 2, 2, 0, 1, 1, 2, 2, 1, 0, 3, 1, 3, 1, 3, 1, 3, 1, 1, 3, 3, 0, 2, 2, 2, 2, 0, 1, 0, 1, 2, 2, 1]",4.884760486980922,0.4208982562671682
25,"[-3.9206486636461646, -3.689798918671103, -4.274197559143201, -3.874338527698977]","[0.2494225364472853, 0.31419007488559264, 0.17514242434527166, 0.26124496432185046]","[1, 0, 3, 2, 0, 3, 3, 3, 3, 2, 1, 1, 1, 3, 1, 2, 0, 3, 1, 1, 2, 2, 0, 2, 0, 0, 3, 1, 3, 3, 3, 3, 1, 1, 0, 3, 0, 2, 1, 0, 1, 1, 2, 2]",5.296802368882186,0.6333650720890222
26,"[-3.718910534834756, -3.5616439109506954, -3.9929808173544252, -3.6307311148643997]","[0.24858491128671045, 0.290920811984631, 0.18899379805004715, 0.2715004786786113]","[3, 2, 0, 1, 1, 0, 3, 1, 3, 2, 3, 0, 1, 2, 0, 2, 3, 2, 1, 3, 1, 3, 0, 2, 0, 1, 2, 3, 3, 0, 1, 3, 1, 1, 1, 3, 2, 1, 0, 0, 0, 1, 2, 2]",4.850404616541225,0.6075355381938741
27,"[-3.509403341317869, -3.18881726043999, -3.659140400778991, -3.3781780365863816]","[0.22835773371494872, 0.3146621387309778, 0.1966010104667639, 0.26037911708730965]","[1, 0, 2, 3, 2, 1, 1, 2, 3, 1, 2, 2, 0, 1, 3, 1, 0, 0, 2, 0, 3, 3, 1, 2, 2, 0, 1, 0, 2, 3, 1, 2, 0, 1, 0, 1, 1, 0, 0, 1, 3, 1, 3, 1]",5.503170209380203,0.5549540786185213
28,"[-2.6613820090159868, -2.3369443026588668, -2.6461696376982635, -2.7914681218691815]","[0.23383055184488422, 0.32344672653943657, 0.23741486283779978, 0.2053078587778794]","[3, 0, 1, 2, 2, 2, 1, 1, 1, 2, 1, 3, 2, 1, 1, 1, 0, 1, 0, 1, 0, 3, 2, 0, 1, 0, 0, 1, 0, 3, 2, 0, 3, 1, 3, 1, 2, 0, 3, 1, 0, 0, 2, 1]",5.178121974474447,0.3813438571604588
29,"[-2.904515244106066, -2.874823075878547, -3.0055188623473335, -2.8605833964703002]","[0.2513207990133328, 0.25889494846148486, 0.22717635009908865, 0.2626079024260937]","[3, 1, 2, 0, 0, 2, 2, 2, 1, 3, 0, 3, 2, 2, 3, 0, 2, 2, 1, 1, 2, 2, 3, 2, 0, 3, 3, 0, 2, 2, 1, 2, 3, 3, 2, 3, 1, 1, 0, 2, 0, 3, 3, 2]",5.688523574763473,0.4463235979834603
30,"[-2.9215652959572482, -2.628160609159285, -3.0986278036751784, -2.9196774535116976]","[0.23919997728382178, 0.3207636675806416, 0.20038437946499546, 0.2396519756705412]","[3, 1, 2, 0, 1, 1, 0, 2, 3, 1, 1, 1, 0, 1, 0, 0, 0, 0, 0, 3, 3, 2, 3, 0, 3, 2, 2, 3, 1, 1, 1, 3, 2, 3, 0, 3, 0, 2, 0, 2, 1, 2, 0, 0]",4.755701241826781,0.4596314947365018
31,"[-3.1945916767980203, -3.204611609191997, -3.43587577408966, -3.6455254091658604]","[0.2930247030136949, 0.2901032759926874, 0.23020559911004332, 0.18666642188357438]","[0, 2, 3, 1, 0, 2, 0, 1, 0, 1, 3, 3, 3, 0, 1, 1, 0, 0, 2, 1, 0, 2, 2, 1, 0, 1, 1, 2, 1, 3, 0, 3, 2, 0, 0, 0, 0, 2, 1, 1, 1, 3, 1, 3]",5.499290535319665,0.5311145216092851
32,"[-2.9585865714604984, -2.9867310135669376, -3.253502156491244, -3.120013587368516]","[0.2802870478615942, 0.2725085001610122, 0.20870017736601573, 0.2385042746113779]","[3, 2, 1, 0, 1, 3, 3, 0, 3, 2, 3, 1, 1, 0, 0, 3, 0, 2, 3, 1, 2, 2, 0, 0, 0, 3, 2, 2, 1, 3, 3, 0, 1, 1, 1, 3, 0, 3, 2, 2, 1, 3, 2, 2]",4.155030342565032,0.4764087493386597
33,"[-2.75170904893444, -2.6804434803115074, -2.902834130286598, -2.8686277748493834]","[0.2615566159488154, 0.28087685456000633, 0.22487072539912156, 0.23269580409205667]","[3, 2, 1, 0, 2, 2, 3, 3, 2, 1, 1, 3, 0, 1, 0, 1, 3, 2, 0, 0, 1, 3, 2, 3, 3, 1, 2, 2, 2, 2, 0, 3, 0, 1, 3, 1, 1, 3, 0, 1, 1, 3, 0, 0]",5.407821497982547,0.3899000661951891
34,"[-3.2957867865912585, -2.971126487541772, -3.4555842250685904, -2.961875655797907]","[0.21587566818603093, 0.2986770623739231, 0.18399437624017312, 0.30145289319987295]","[2, 0, 1, 3, 1, 3, 1, 1, 3, 0, 1, 1, 1, 2, 0, 3, 1, 0, 1, 1, 1, 0, 0, 1, 2, 3, 2, 0, 3, 2, 3, 1, 2, 0, 1, 0, 0, 1, 1, 2, 3, 2, 1, 1]",4.861859483883517,0.5312033612895445
35,"[-2.530893396669526, -2.617840556863632, -2.6801812842348336, -2.676210907779052]","[0.27451453715222374, 0.25165448564864445, 0.23644516737843382, 0.2373858098206979]","[3, 1, 2, 0, 3, 0, 3, 0, 3, 1, 1, 2, 0, 1, 1, 1, 3, 1, 3, 2, 2, 0, 2, 3, 1, 2, 0, 0, 3, 0, 2, 2, 3, 2, 1, 2, 0, 0, 2, 0, 3, 3, 3, 0]",5.480132086856141,0.3425161294933836
36,"[-2.37383550128646, -2.2674166203665918, -2.4588962525535685, -2.539997236621008]","[0.2578879259040383, 0.2868455666802123, 0.2368588380300376, 0.21840766938571193]","[1, 0, 2, 3, 1, 0, 2, 3, 1, 0, 1, 3, 2, 1, 0, 0, 3, 2, 3, 1, 2, 1, 0, 0, 1, 0, 0, 2, 1, 1, 1, 0, 2, 0, 1, 0, 0, 0, 2, 1, 0, 0, 3, 2]",5.3658161771255175,0.2674428240098775
37,"[-2.282183695471384, -2.330410629906212, -2.2199401160089387, -2.3517165947074266]","[0.25316657640358464, 0.2412468642957073, 0.2694253227204223, 0.23616123658028587]","[1, 2, 0, 3, 0, 1, 1, 0, 1, 1, 2, 3, 2, 2, 2, 0, 1, 3, 1, 0, 3, 1, 3, 2, 2, 0, 0, 2, 2, 0, 2, 1, 0, 1, 1, 0, 1, 3, 2, 1, 3, 1, 1, 2]",4.8530246003124,0.2401670547373388
38,"[-3.203616559713798, -3.2312155997299117, -2.814429371617503, -3.533308555694931]","[0.23994024680835357, 0.23340867350190792, 0.35409920316612076, 0.1725518765236178]","[1, 0, 3, 2, 0, 1, 1, 0, 1, 1, 2, 3, 0, 2, 2, 0, 2, 2, 3, 3, 3, 1, 3, 0, 2, 3, 2, 0, 2, 0, 1, 0, 1, 1, 1, 0, 2, 0, 0, 0, 3, 3, 1, 0]",5.082550463304632,0.5258700451237458
39,"[-3.22054548768063, -3.151714213260905, -3.2013513944724803, -3.298206299721261]","[0.24900936936829274, 0.2667526429666959, 0.2538350424707421, 0.23040294519426927]","[2, 3, 1, 0, 2, 2, 3, 2, 2, 1, 1, 3, 3, 0, 0, 3, 2, 1, 0, 0, 3, 2, 1, 1, 3, 3, 0, 3, 3, 1, 0, 3, 0, 3, 1, 0, 0, 0, 2, 0, 2, 3, 1, 3]",5.703935851168906,0.4972785130025252
40,"[-2.8467241333136144, -2.7843592969465933, -3.0138312074874465, -2.886535722807316]","[0.25830248258730343, 0.2749243991468895, 0.21855205783889348, 0.2482210604269136]","[0, 2, 1, 3, 1, 2, 3, 0, 1, 2, 3, 3, 0, 3, 1, 1, 0, 0, 1, 2, 0, 2, 1, 1, 2, 1, 1, 0, 2, 0, 1, 0, 3, 3, 3, 3, 1, 0, 1, 0, 2, 3, 3, 1]",5.039860009157195,0.4026587654001381
41,"[-2.794519678591265, -2.772506062648241, -2.887559591226061, -2.94117061515676]","[0.2633651068929709, 0.2692270093223951, 0.2399669956994725, 0.22744088808516152]","[0, 1, 2, 3, 1, 0, 0, 0, 1, 3, 3, 2, 2, 2, 0, 1, 2, 1, 3, 3, 2, 3, 2, 3, 3, 2, 0, 0, 2, 1, 1, 1, 3, 2, 3, 3, 2, 0, 2, 3, 1, 3, 3, 0]",5.347326207409175,0.4110816753510655
42,"[-3.1944056057083263, -3.269858022303554, -3.3015335650526376, -3.476587616851165]","[0.27933967678436655, 0.25903834584927377, 0.2509617561191466, 0.21066022124721295]","[2, 3, 1, 0, 0, 3, 1, 3, 2, 1, 1, 0, 0, 0, 1, 3, 2, 0, 2, 2, 1, 3, 1, 3, 3, 2, 3, 0, 1, 0, 1, 3, 1, 1, 1, 0, 1, 2, 2, 0, 2, 3, 0, 2]",4.70334621663405,0.5220167022919219
43,"[-3.70955831542544, -3.461897886128189, -3.8596185932163407, -3.504793325669821]","[0.22888964669940814, 0.2932133275767631, 0.19699526983772056, 0.2809017558861081]","[3, 1, 0, 2, 0, 3, 1, 3, 2, 0, 1, 0, 1, 2, 1, 2, 2, 0, 1, 1, 1, 3, 0, 1, 2, 1, 3, 1, 3, 1, 3, 1, 2, 2, 0, 0, 2, 0, 1, 2, 1, 2, 1, 1]",4.740823333040499,0.5865829022576843
44,"[-2.888535125527044, -2.7685178729767355, -2.803016729837794, -3.0237793092421743]","[0.24448081541539537, 0.2756561053822184, 0.2663084536005416, 0.21355462560184466]","[1, 0, 2, 3, 1, 3, 0, 2, 1, 3, 3, 1, 1, 3, 0, 0, 1, 2, 0, 2, 1, 2, 2, 2, 3, 0, 1, 2, 0, 0, 1, 3, 3, 0, 1, 0, 1, 2, 2, 0, 1, 1, 2, 0]",6.339079480872531,0.4186059610220685
45,"[-3.8010418659800065, -3.477669819268694, -3.8025691346752746, -3.860232094970452]","[0.23133257747863095, 0.31965057663265617, 0.2309795401349169, 0.21803730575379598]","[0, 2, 1, 3, 1, 3, 2, 2, 0, 1, 3, 1, 2, 0, 0, 1, 1, 3, 0, 1, 3, 1, 2, 3, 0, 0, 3, 3, 1, 2, 3, 3, 2, 3, 2, 1, 2, 2, 1, 1, 0, 2, 1, 1]",5.336534398622148,0.6075323448126102
46,"[-3.0456562725730114, -2.9781910107178904, -3.139355541894655, -3.1803688746437526]","[0.2594493596190402, 0.27755713376635077, 0.2362433146661679, 0.22675019194844104]","[1, 2, 0, 3, 3, 0, 2, 3, 0, 1, 0, 2, 1, 3, 0, 3, 0, 2, 3, 0, 1, 2, 3, 1, 0, 0, 0, 3, 2, 0, 1, 1, 1, 3, 2, 1, 0, 0, 1, 2, 1, 3, 3, 3]",5.826113836016137,0.4663737900148879
47,"[-3.0364700042683745, -2.9226622769768555, -2.9317378339617806, -3.0376422874983584]","[0.23641901444385344, 0.26491617175397286, 0.2625227870184868, 0.23614202678368687]","[1, 0, 3, 2, 1, 0, 3, 0, 1, 1, 3, 3, 2, 0, 0, 1, 3, 1, 3, 3, 2, 2, 2, 3, 2, 3, 1, 3, 3, 0, 3, 0, 1, 0, 0, 0, 2, 1, 1, 3, 2, 3, 2, 3]",4.147950823896431,0.4275803841980519
48,"[-3.4170224025443527, -3.6865789609822954, -3.513974293904565, -3.496558475412796]","[0.27817475970016814, 0.21244709438382248, 0.2524713196801824, 0.25690682623582695]","[0, 1, 2, 3, 0, 1, 2, 1, 1, 2, 1, 3, 3, 3, 2, 2, 2, 2, 2, 3, 3, 0, 0, 2, 0, 2, 1, 3, 0, 1, 2, 0, 1, 3, 1, 0, 0, 1, 2, 0, 0, 0, 0, 3]",5.021956154230191,0.5785088666844512
49,"[-3.5975202601035674, -3.452910334519592, -3.764060401440847, -3.5779805568674528]","[0.2486381218277826, 0.28732340813727114, 0.21049425740880248, 0.2535442126261438]","[2, 3, 0, 1, 0, 2, 3, 3, 1, 3, 1, 0, 2, 2, 0, 1, 2, 3, 0, 1, 1, 1, 2, 1, 0, 0, 0, 1, 0, 2, 1, 1, 2, 0, 0, 1, 2, 1, 0, 2, 2, 2, 0, 1]",4.115886271669135,0.5738309909972297
50,"[-2.766570906325936, -2.894980453830963, -3.0729805223981517, -2.8251878606234215]","[0.2810057458339801, 0.2471426176592986, 0.20684412718841058, 0.26500750931831074]","[3, 1, 2, 0, 2, 1, 1, 2, 3, 0, 1, 3, 1, 3, 1, 1, 3, 2, 0, 3, 0, 2, 1, 2, 3, 0, 1, 3, 1, 1, 0, 0, 1, 2, 1, 1, 2, 3, 3, 2, 2, 1, 0, 1]",4.494646548150806,0.425950107278241
51,"[-3.3130924714414567, -3.518605545442953, -3.7102968795011226, -3.672701844786305]","[0.31403336912977453, 0.2556952171959643, 0.21109216589966928, 0.21917924777459183]","[3, 2, 1, 0, 3, 0, 3, 3, 1, 1, 1, 3, 2, 2, 1, 2, 1, 2, 1, 0, 0, 2, 2, 1, 2, 1, 3, 0, 1, 2, 0, 2, 2, 1, 2, 2, 2, 3, 0, 1, 0, 0, 1, 2]",5.592944919670812,0.5878246152611972
52,"[-3.623457915413157, -3.5809684419188628, -3.892915241185997, -3.7049457913649384]","[0.2681725210855554, 0.2798125689147713, 0.20482852854969524, 0.24718638144997812]","[0, 2, 1, 3, 0, 1, 2, 2, 3, 0, 0, 1, 0, 3, 3, 1, 1, 1, 3, 1, 1, 3, 2, 1, 0, 1, 0, 2, 0, 0, 2, 3, 0, 3, 2, 1, 0, 1, 3, 0, 2, 3, 3, 0]",4.917724072286002,0.6024311611865938
53,"[-2.815313656623929, -2.787098903394308, -3.0222975895276676, -3.001401522854275]","[0.27234228589142595, 0.2801357851014697, 0.22142318755135085, 0.22609874145575354]","[2, 1, 3, 0, 1, 3, 0, 3, 2, 3, 0, 1, 0, 3, 2, 0, 2, 2, 1, 0, 0, 3, 2, 1, 1, 1, 0, 1, 3, 0, 3, 2, 1, 2, 0, 3, 3, 3, 1, 3, 0, 3, 0, 2]",5.244426019496744,0.4116026453619201
54,"[-3.124992356183493, -3.46918541695436, -3.6939397468867683, -3.7054444886741402]","[0.35278864146836736, 0.2500537931857822, 0.19972106888317467, 0.19743649646267575]","[3, 0, 1, 2, 1, 0, 1, 0, 2, 1, 2, 0, 1, 3, 1, 3, 3, 2, 3, 0, 0, 1, 0, 2, 2, 2, 1, 0, 2, 2, 2, 1, 0, 0, 3, 1, 0, 1, 0, 0, 0, 0, 2, 2]",4.690881421074151,0.5547650860651627
55,"[-2.842874103528236, -2.896297875870353, -3.058234529854613, -2.9686928849360816]","[0.2750272288985007, 0.2607198175142972, 0.22174092161339679, 0.2425120319738053]","[0, 1, 2, 3, 2, 3, 0, 2, 1, 1, 0, 2, 0, 0, 3, 3, 2, 0, 3, 1, 2, 1, 0, 2, 3, 3, 2, 3, 3, 2, 0, 3, 2, 1, 0, 1, 3, 1, 3, 2, 0, 0, 0, 1]",5.329703361581696,0.4383401446296017
56,"[-3.005649105153438, -2.7426984313943086, -3.0176598521058717, -3.17206726494046]","[0.2418078079425431, 0.3145345422335649, 0.23892088729196878, 0.20473676253192333]","[0, 1, 2, 3, 2, 2, 2, 1, 1, 0, 0, 1, 1, 2, 3, 0, 2, 3, 0, 2, 2, 2, 1, 2, 1, 2, 1, 1, 2, 1, 1, 1, 3, 3, 3, 3, 1, 3, 3, 1, 1, 1, 3, 1]",4.789136275638641,0.4824544152715649
57,"[-2.610939004612913, -2.3737130186912614, -2.5694569330847665, -2.6903322963053626]","[0.23619674341720384, 0.2994331245168051, 0.24620073221234576, 0.21816939985364522]","[1, 2, 3, 0, 0, 1, 2, 2, 3, 1, 2, 1, 2, 1, 3, 0, 0, 0, 2, 2, 2, 0, 3, 1, 2, 1, 3, 2, 0, 2, 1, 3, 1, 1, 1, 1, 0, 3, 0, 2, 0, 1, 2, 0]",5.486505421331197,0.3517650144013434
58,"[-3.1381240422801264, -3.2423197868026246, -3.4646029454950535, -3.5964549530397987]","[0.3072341323417623, 0.2768329784545702, 0.22165701280193784, 0.19427587640172955]","[3, 1, 0, 2, 1, 0, 3, 1, 2, 2, 0, 2, 1, 0, 2, 3, 0, 3, 3, 0, 0, 0, 3, 1, 0, 2, 1, 1, 0, 2, 0, 1, 1, 0, 1, 2, 2, 0, 1, 0, 1, 3, 0, 1]",4.758270446416266,0.5371074019608303
59,"[-3.306566646158964, -3.420863608693917, -3.379920840959204, -3.3200279519816496]","[0.2626123832357167, 0.23424841492237877, 0.24403823704676342, 0.25910096479514116]","[2, 3, 0, 1, 0, 2, 3, 2, 2, 0, 1, 2, 0, 1, 2, 0, 2, 2, 3, 3, 1, 0, 3, 0, 1, 2, 2, 3, 3, 2, 1, 3, 2, 3, 2, 1, 2, 1, 3, 3, 1, 0, 2, 1]",4.476230056808084,0.5273015979260745
60,"[-3.37012933106294, -3.5458754036560496, -3.509980875654173, -3.7334702009972514]","[0.29380071957531184, 0.2464491391993362, 0.2554559961383621, 0.20429414508698973]","[1, 2, 3, 0, 0, 2, 2, 2, 1, 1, 0, 2, 1, 1, 0, 3, 0, 0, 2, 3, 0, 3, 0, 3, 3, 0, 3, 1, 1, 0, 0, 1, 1, 3, 1, 1, 3, 2, 2, 3, 1, 3, 0, 2]",5.470044508165994,0.5652769287768393
61,"[-2.8097882340255054, -2.9084927528080544, -2.9483839149987636, -2.9580573064296054]","[0.27481667266400167, 0.24898675735056452, 0.2392498849675714, 0.23694668501786237]","[0, 1, 2, 3, 1, 0, 0, 2, 0, 1, 3, 3, 0, 2, 0, 2, 3, 2, 3, 2, 1, 0, 2, 3, 3, 1, 2, 0, 2, 3, 2, 1, 1, 0, 1, 0, 2, 2, 2, 2, 2, 3, 2, 2]",4.9453115483249945,0.4120843515638888
62,"[-3.524145095893499, -3.2805063330507283, -3.5763650855186, -3.627124499304429]","[0.24229801529184855, 0.3091440036326688, 0.2299699037372291, 0.21858807733825364]","[3, 2, 1, 0, 0, 2, 1, 2, 1, 1, 1, 0, 3, 2, 3, 3, 2, 0, 0, 0, 0, 3, 3, 1, 0, 3, 0, 0, 1, 2, 1, 0, 2, 3, 3, 0, 0, 0, 3, 1, 2, 1, 3, 0]",4.428229981894488,0.587532828800138
63,"[-3.2818496523602008, -3.261005234043501, -3.5065740985467886, -3.354843620358082]","[0.2667089203855105, 0.2723266585300854, 0.21303009178286145, 0.2479343293015427]","[3, 0, 1, 2, 3, 0, 0, 2, 3, 0, 2, 3, 1, 1, 2, 1, 0, 1, 3, 1, 2, 2, 3, 1, 1, 1, 0, 0, 1, 1, 2, 3, 3, 2, 0, 1, 3, 2, 2, 0, 1, 1, 1, 1]",4.344300445098706,0.5341980737229859
64,"[-2.9182157605995895, -3.1655175748290736, -3.2329865019581074, -3.387882574315955]","[0.31887025861769797, 0.24900736965334072, 0.2327613235028638, 0.19936104822609751]","[0, 2, 1, 3, 2, 0, 0, 3, 3, 0, 3, 3, 2, 1, 0, 2, 2, 2, 0, 1, 0, 3, 1, 3, 1, 1, 3, 1, 3, 0, 0, 3, 0, 3, 1, 1, 0, 1, 3, 3, 0, 3, 0, 0]",4.969846426498176,0.4863204360181574
65,"[-3.089471444058444, -2.763547731188948, -3.2215139561854187, -3.281866454542764]","[0.24470253560590371, 0.33898879216189565, 0.2144337473228558, 0.20187492490934472]","[0, 3, 1, 2, 3, 2, 2, 0, 1, 2, 3, 3, 2, 0, 1, 2, 0, 1, 1, 3, 1, 0, 1, 3, 3, 3, 0, 2, 2, 3, 1, 2, 0, 3, 0, 0, 0, 2, 0, 2, 3, 0, 1, 0]",4.440929590755752,0.4808545943207835
66,"[-3.1924989541284523, -3.3988301668330596, -3.5195031086825765, -3.4360689271859544]","[0.3013437874299363, 0.24516232721652048, 0.21729320341954295, 0.23620068193400032]","[0, 3, 2, 1, 3, 1, 3, 1, 2, 2, 0, 0, 1, 3, 1, 0, 2, 2, 3, 0, 2, 3, 1, 2, 0, 0, 1, 0, 3, 2, 1, 3, 1, 3, 3, 1, 0, 3, 1, 0, 3, 3, 3, 0]",4.979120241380704,0.5302369836651918
67,"[-3.712827551203006, -3.6054577651543265, -4.007057590104887, -3.8169390127203924]","[0.26598745544271846, 0.2961360371544653, 0.19818860122782136, 0.23968790617499489]","[3, 1, 0, 2, 3, 0, 3, 0, 0, 1, 0, 0, 2, 1, 3, 3, 2, 3, 0, 1, 1, 3, 2, 0, 0, 2, 1, 1, 0, 3, 0, 3, 0, 3, 1, 0, 0, 2, 2, 1, 3, 2, 0, 1]",4.991783906944743,0.5981017091673837
68,"[-3.174557744857974, -3.499930029051265, -3.7486348618069902, -3.448885202332929]","[0.328346194934638, 0.2371508033729869, 0.18493259497089398, 0.24957040672148095]","[0, 1, 3, 2, 0, 3, 2, 0, 3, 3, 2, 1, 1, 3, 1, 1, 3, 2, 0, 0, 1, 2, 3, 3, 0, 1, 0, 1, 1, 1, 3, 3, 1, 0, 0, 1, 1, 2, 0, 2, 2, 2, 3, 3]",4.155344389407047,0.5469777484021224
69,"[-4.085906781462047, -3.768375395650735, -4.172784047396121, -4.22554632386091]","[0.24037342712223533, 0.3302087552962895, 0.22037186051652022, 0.2090459570649551]","[3, 0, 1, 2, 0, 0, 3, 2, 0, 0, 3, 2, 1, 3, 2, 3, 0, 1, 1, 3, 1, 1, 2, 3, 0, 3, 2, 1, 0, 3, 0, 2, 3, 1, 3, 0, 1, 3, 2, 1, 1, 3, 0, 1]",5.150570700004024,0.6319796371647295
70,"[-3.396358185139503, -3.7576960334570835, -3.8908996987997173, -3.8274812673319656]","[0.3382523173714088, 0.23567512549431016, 0.20628332840530061, 0.21978922872898035]","[2, 0, 1, 3, 1, 3, 1, 0, 0, 1, 1, 0, 2, 3, 1, 0, 3, 3, 2, 1, 2, 2, 3, 3, 3, 1, 0, 1, 0, 0, 0, 0, 2, 3, 0, 1, 1, 3, 0, 0, 3, 2, 2, 3]",5.313277776239122,0.5819672361562472
71,"[-3.5123852309405432, -3.314665657106265, -3.5494153042465926, -3.479244476148044]","[0.2371936877982829, 0.28904911717603804, 0.22857102239696736, 0.24518617262871173]","[1, 3, 2, 0, 3, 2, 0, 0, 1, 0, 2, 1, 1, 1, 3, 0, 3, 2, 3, 2, 0, 1, 0, 1, 0, 1, 2, 1, 1, 0, 1, 3, 3, 1, 0, 0, 3, 1, 2, 2, 0, 1, 1, 0]",5.52355886023792,0.5497053540037707
72,"[-3.42961599057793, -3.5570469965708327, -3.6948678685859937, -3.5241085327267196]","[0.28111987098012375, 0.24748504587995832, 0.2156225202611053, 0.2557725628788125]","[2, 1, 0, 3, 0, 1, 2, 3, 3, 1, 3, 2, 1, 3, 2, 2, 0, 3, 0, 1, 3, 0, 0, 1, 2, 2, 1, 1, 2, 0, 0, 0, 1, 3, 1, 2, 3, 2, 1, 0, 0, 1, 3, 1]",4.947146089739386,0.5555800138027607
73,"[-3.3948943919241863, -3.268361952716717, -3.762333954404361, -3.7589437970924964]","[0.28390956922522237, 0.32220507072648863, 0.19660884701052667, 0.19727651303776242]","[1, 0, 2, 3, 0, 1, 1, 3, 1, 0, 1, 2, 1, 1, 3, 3, 2, 0, 3, 2, 0, 1, 0, 2, 1, 1, 0, 1, 1, 1, 0, 0, 0, 1, 1, 2, 1, 1, 2, 0, 2, 2, 2, 3]",5.090709133303539,0.5437817721959659
74,"[-2.523847810275761, -2.5207590280875793, -2.631600555201573, -2.639293689164392]","[0.2637192061188051, 0.26453503661807937, 0.23678017498350729, 0.2349655822796082]","[0, 3, 1, 2, 1, 3, 0, 0, 1, 3, 3, 2, 2, 1, 1, 3, 2, 0, 2, 0, 2, 2, 1, 1, 3, 0, 2, 0, 2, 1, 0, 1, 2, 1, 2, 1, 0, 0, 0, 1, 3, 3, 3, 0]",5.022368774558796,0.2919555566655311
75,"[-2.783004905501679, -2.8635035017120396, -2.9446266921162936, -2.9218141542158516]","[0.2744377820114401, 0.25321172075724596, 0.23348148703167693, 0.2388690101996369]","[1, 2, 3, 0, 1, 2, 0, 0, 0, 2, 0, 2, 1, 3, 1, 3, 0, 0, 3, 2, 3, 2, 0, 0, 1, 3, 0, 0, 3, 2, 1, 0, 0, 3, 2, 0, 3, 1, 2, 3, 0, 2, 1, 2]",5.134481877635627,0.3748279587961856
76,"[-3.2089115071099448, -3.2047055248136243, -3.440795950464948, -3.4570704238368073]","[0.2795257032831315, 0.28070385935747627, 0.22167443725719455, 0.21809600010219762]","[1, 2, 3, 0, 1, 2, 2, 2, 0, 3, 3, 2, 0, 1, 2, 0, 0, 3, 1, 2, 3, 2, 0, 1, 2, 2, 0, 1, 1, 3, 1, 1, 1, 3, 0, 2, 0, 0, 0, 2, 0, 2, 3, 1]",4.884362258283561,0.4963774073685528
77,"[-2.498720310911152, -2.6409163815645442, -3.0293847479278995, -3.0161878702906213]","[0.3276869367107308, 0.2842524127424752, 0.19275004662391843, 0.1953106039228755]","[3, 1, 2, 0, 1, 0, 0, 2, 0, 0, 3, 2, 3, 3, 1, 3, 2, 3, 2, 1, 1, 2, 1, 2, 2, 0, 0, 2, 2, 1, 3, 3, 2, 3, 1, 3, 1, 3, 1, 1, 2, 1, 1, 0]",5.6479945939487575,0.3918150625755516
78,"[-2.516224215821607, -2.8228355956694315, 4.400125843976364, -2.7211461846783154]","[0.0009889411953245694, 0.0007277979666080411, 0.9974775596798778, 0.0008057011581895453]","[2, 0, 1, 3, 2, 1, 0, 2, 2, 2, 2, 2, 3, 0, 0, 2, 2, 2, 2, 2, 2, 2, 2, 2, 2, 1, 2, 2, 2, 2, 2, 2, 2, 2, 2, 2, 2, 1, 2, 2, 2, 2, 2, 2]",4.253565727473713,0.5895524003643403
79,"[-1.0953310564313556, 13.782456460292533, 2.8799876258764323, -1.0825920047342075]","[3.456612371005254e-07, 0.9999808918779158, 1.8412368046458933e-05, 3.500928004966337e-07]","[0, 2, 1, 3, 1, 1, 1, 1, 1, 2, 1, 1, 1, 1, 1, 1, 1, 1, 1, 1, 1, 1, 1, 1, 1, 1, 1, 1, 1, 1, 1, 1, 1, 1, 1, 1, 1, 1, 1, 1, 1, 1, 1, 1]",4.956316815325043,0.6826092885318894
