Vehicle_label,Road_order,Total_time,Leading_vehicles,Stopped_time,Stop_while_front,Round_number
0,"[0, 1]",67.39999999999831,"[-999, -999]","[0, 0]","[0, 0]",1
1,"[0, 1]",70.09999999999816,"[0, 0]","[0, 0]","[0, 0]",1
2,"[2, 3]",67.7499999999983,"[-999, -999]","[0, 0]","[0, 0]",1
3,"[2, 3]",70.84999999999812,"[2, 2]","[0, 0]","[0, 0]",1
4,"[2, 3]",72.74999999999801,"[3, 3]","[0, 0]","[0, 0]",1
5,"[0, 1]",71.2999999999981,"[1, 1]","[0, 0]","[0, 0]",1
6,"[2, 3]",74.24999999999793,"[4, 4]","[0, 0]","[0, 0]",1
7,"[0, 1]",72.04999999999805,"[5, 5]","[0, 0]","[0, 0]",1
8,"[2, 3]",75.69999999999784,"[6, 6]","[0, 0]","[0, 0]",1
9,"[2, 3]",76.99999999999777,"[8, 8]","[0, 0]","[0, 0]",1
10,"[0, 1]",72.49999999999802,"[7, 7]","[0, 0]","[0, 0]",1
11,"[0, 1]",72.899999999998,"[10, 10]","[0, 0]","[0, 0]",1
12,"[2, 3]",78.1999999999977,"[9, 9]","[0, 0]","[0, 0]",1
13,"[2, 3]",79.29999999999764,"[12, 12]","[0, 0]","[0, 0]",1
14,"[2, 3]",80.59999999999756,"[13, 13]","[0, 0]","[0, 0]",1
15,"[2, 3]",82.34999999999746,"[14, 14]","[0, 0]","[0, 0]",1
16,"[2, 3]",84.44999999999735,"[15, 15]","[0, 0]","[0, 0]",1
17,"[2, 3]",86.69999999999722,"[16, 16]","[6.149999999999986, 0]","[0, 0]",1
18,"[2, 3]",89.04999999999708,"[17, 17]","[8.74999999999999, 0]","[0, 0]",1
19,"[0, 1]",73.14999999999799,"[11, 11]","[0, 0]","[0, 0]",1
20,"[2, 3]",91.34999999999695,"[18, 18]","[6.399999999999985, 0]","[0, 0]",1
21,"[2, 3]",93.64999999999682,"[20, 20]","[4.699999999999991, 0]","[0, 0]",1
22,"[2, 3]",95.94999999999669,"[21, 21]","[3.149999999999997, 0]","[0, 0]",1
23,"[0, 1]",73.39999999999797,"[19, 19]","[0, 0]","[0, 0]",1
24,"[2, 3]",98.24999999999656,"[22, 22]","[1.6500000000000008, 0]","[0, 0]",1
25,"[0, 1]",73.89999999999795,"[23, 23]","[0, 0]","[0, 0]",1
26,"[0, 1]",74.54999999999791,"[25, 25]","[0, 0]","[0, 0]",1
27,"[2, 3]",100.54999999999643,"[24, 24]","[0, 0]","[0, 0]",1
28,"[2, 3]",102.8999999999963,"[27, 27]","[0, 0]","[0, 0]",1
29,"[0, 1]",75.49999999999785,"[26, 26]","[0, 0]","[0, 0]",1
30,"[0, 1]",76.59999999999779,"[29, 29]","[0, 0]","[0, 0]",1
31,"[0, 1]",77.69999999999773,"[30, 30]","[0, 0]","[0, 0]",1
32,"[0, 1]",78.74999999999767,"[31, 31]","[0, 0]","[0, 0]",1
33,"[0, 1]",79.74999999999761,"[32, 32]","[0, 0]","[0, 0]",1
34,"[2, 3]",105.19999999999617,"[28, 28]","[0, 0]","[0, 0]",1
35,"[2, 3]",107.44999999999604,"[34, 34]","[0, 0]","[0, 0]",1
36,"[2, 3]",109.7999999999959,"[35, 35]","[0, 0]","[0, 0]",1
37,"[2, 3]",112.04999999999578,"[36, 36]","[0, 0]","[0, 0]",1
38,"[2, 3]",114.29999999999565,"[37, 37]","[0, 0]","[0, 0]",1
39,"[2, 3]",116.69999999999551,"[38, 38]","[0, 0]","[0, 0]",1
40,"[0, 1]",80.79999999999755,"[33, 33]","[0, 0]","[0, 0]",1
41,"[0, 1]",81.8499999999975,"[40, 40]","[0, 0]","[0, 0]",1
42,"[2, 3]",118.94999999999538,"[39, 39]","[0, 0]","[0, 0]",1
43,"[2, 3]",121.29999999999525,"[42, 42]","[0, 0]","[0, 0]",1
44,"[0, 1]",82.89999999999743,"[41, 41]","[0, 0]","[0, 0]",1
45,"[2, 3]",123.54999999999512,"[43, 43]","[0, 0]","[0, 0]",1
46,"[2, 3]",125.84999999999499,"[45, 45]","[0, 0]","[0, 0]",1
47,"[0, 1]",83.89999999999738,"[44, 44]","[0, 0]","[0, 0]",1
48,"[0, 1]",84.94999999999732,"[47, 47]","[0, 0]","[0, 0]",1
49,"[2, 3]",128.1499999999949,"[46, 46]","[0, 0]","[0, 0]",1
50,"[0, 1]",85.94999999999726,"[48, 48]","[0, 0]","[0, 0]",1
51,"[0, 1]",86.9499999999972,"[50, 50]","[0, 0]","[0, 0]",1
52,"[0, 1]",87.99999999999714,"[51, 51]","[0, 0]","[0, 0]",1
53,"[2, 3]",130.49999999999542,"[49, 49]","[0, 0]","[0, 0]",1
54,"[0, 1]",89.09999999999708,"[52, 52]","[0, 0]","[0, 0]",1
55,"[0, 1]",90.14999999999702,"[54, 54]","[0, 0]","[0, 0]",1
56,"[2, 3]",132.79999999999595,"[53, 53]","[0, 0]","[0, 0]",1
57,"[0, 1]",91.09999999999697,"[55, 55]","[0, 0]","[0, 0]",1
58,"[2, 3]",135.14999999999648,"[56, 56]","[0, 0]","[0, 0]",1
59,"[2, 3]",137.449999999997,"[58, 58]","[0, 0]","[0, 0]",1
60,"[2, 3]",139.74999999999753,"[59, 59]","[0, 0]","[0, 0]",1
61,"[2, 3]",141.99999999999804,"[60, 60]","[0, 0]","[0, 0]",1
62,"[0, 1]",92.14999999999691,"[57, 57]","[0, 0]","[0, 0]",1
63,"[0, 1]",93.19999999999685,"[62, 62]","[0, 0]","[0, 0]",1
64,"[2, 3]",144.29999999999856,"[61, 61]","[0, 0]","[0, 0]",1
65,"[0, 1]",94.24999999999679,"[63, 63]","[0, 0]","[0, 0]",1
66,"[2, 3]",146.59999999999908,"[64, 64]","[0, 0]","[0, 0]",1
67,"[0, 1]",95.24999999999673,"[65, 65]","[0, 0]","[0, 0]",1
68,"[2, 3]",148.94999999999962,"[66, 66]","[0, 0]","[0, 0]",1
69,"[0, 1]",96.24999999999667,"[67, 67]","[0, 0]","[0, 0]",1
70,"[0, 1]",97.29999999999661,"[69, 69]","[0, 0]","[0, 0]",1
71,"[2, 3]",151.25000000000014,"[68, 68]","[0, 0]","[0, 0]",1
72,"[0, 1]",98.29999999999656,"[70, 70]","[0, 0]","[0, 0]",1
73,"[0, 1]",99.2999999999965,"[72, 72]","[0, 0]","[0, 0]",1
74,"[2, 3]",153.50000000000065,"[71, 71]","[0, 0]","[0, 0]",1
75,"[0, 1]",100.39999999999644,"[73, 73]","[0, 0]","[0, 0]",1
76,"[0, 1]",101.44999999999638,"[75, 75]","[0, 0]","[0, 0]",1
77,"[0, 1]",102.44999999999632,"[76, 76]","[0, 0]","[0, 0]",1
78,"[2, 3]",155.80000000000118,"[74, 74]","[0, 0]","[0, 0]",1
79,"[0, 1]",103.44999999999627,"[77, 77]","[0, 0]","[0, 0]",1
0,"[2, 3]",67.7499999999983,"[-999, -999]","[0, 0]","[0, 0]",2
1,"[2, 3]",70.84999999999812,"[0, 0]","[0, 0]","[0, 0]",2
2,"[0, 1]",67.39999999999831,"[-999, -999]","[0, 0]","[0, 0]",2
3,"[0, 1]",70.09999999999816,"[2, 2]","[0, 0]","[0, 0]",2
4,"[0, 1]",71.2999999999981,"[3, 3]","[0, 0]","[0, 0]",2
5,"[2, 3]",72.74999999999801,"[1, 1]","[0, 0]","[0, 0]",2
6,"[0, 1]",72.04999999999805,"[4, 4]","[0, 0]","[0, 0]",2
7,"[2, 3]",74.29999999999792,"[5, 5]","[0, 0]","[0, 0]",2
8,"[0, 1]",72.49999999999802,"[6, 6]","[0, 0]","[0, 0]",2
9,"[0, 1]",72.899999999998,"[8, 8]","[0, 0]","[0, 0]",2
10,"[2, 3]",75.69999999999784,"[7, 7]","[0, 0]","[0, 0]",2
11,"[2, 3]",76.99999999999777,"[10, 10]","[0, 0]","[0, 0]",2
12,"[0, 1]",73.14999999999799,"[9, 9]","[0, 0]","[0, 0]",2
13,"[0, 1]",73.39999999999797,"[12, 12]","[0, 0]","[0, 0]",2
14,"[0, 1]",73.84999999999795,"[13, 13]","[0, 0]","[0, 0]",2
15,"[0, 1]",74.54999999999791,"[14, 14]","[0, 0]","[0, 0]",2
16,"[0, 1]",75.49999999999785,"[15, 15]","[0, 0]","[0, 0]",2
17,"[0, 1]",76.59999999999779,"[16, 16]","[0, 0]","[0, 0]",2
18,"[0, 1]",77.69999999999773,"[17, 17]","[0, 0]","[0, 0]",2
19,"[2, 3]",78.1999999999977,"[11, 11]","[0, 0]","[0, 0]",2
20,"[0, 1]",78.69999999999767,"[18, 18]","[0, 0]","[0, 0]",2
21,"[0, 1]",79.69999999999762,"[20, 20]","[0, 0]","[0, 0]",2
22,"[0, 1]",80.69999999999756,"[21, 21]","[0, 0]","[0, 0]",2
23,"[2, 3]",79.29999999999764,"[19, 19]","[0, 0]","[0, 0]",2
24,"[0, 1]",81.7999999999975,"[22, 22]","[0, 0]","[0, 0]",2
25,"[2, 3]",80.59999999999756,"[23, 23]","[0, 0]","[0, 0]",2
26,"[2, 3]",82.34999999999746,"[25, 25]","[0, 0]","[0, 0]",2
27,"[0, 1]",82.84999999999744,"[24, 24]","[0, 0]","[0, 0]",2
28,"[0, 1]",83.84999999999738,"[27, 27]","[0, 0]","[0, 0]",2
29,"[2, 3]",84.44999999999735,"[26, 26]","[0, 0]","[0, 0]",2
30,"[2, 3]",86.74999999999721,"[29, 29]","[6.149999999999986, 0]","[0, 0]",2
31,"[2, 3]",89.04999999999708,"[30, 30]","[8.84999999999999, 0]","[0, 0]",2
32,"[2, 3]",91.29999999999696,"[31, 31]","[6.499999999999985, 0]","[0, 0]",2
33,"[2, 3]",93.64999999999682,"[32, 32]","[4.749999999999991, 0]","[0, 0]",2
34,"[0, 1]",84.84999999999732,"[28, 28]","[0, 0]","[0, 0]",2
35,"[0, 1]",85.89999999999726,"[34, 34]","[0, 0]","[0, 0]",2
36,"[0, 1]",86.84999999999721,"[35, 35]","[0, 0]","[0, 0]",2
37,"[0, 1]",87.89999999999715,"[36, 36]","[0, 0]","[0, 0]",2
38,"[0, 1]",89.04999999999708,"[37, 37]","[0, 0]","[0, 0]",2
39,"[0, 1]",90.04999999999703,"[38, 38]","[0, 0]","[0, 0]",2
40,"[2, 3]",95.8999999999967,"[33, 33]","[3.2499999999999964, 0]","[0, 0]",2
41,"[2, 3]",98.19999999999656,"[40, 40]","[1.7500000000000009, 0]","[0, 0]",2
42,"[0, 1]",90.99999999999697,"[39, 39]","[0, 0]","[0, 0]",2
43,"[0, 1]",91.99999999999692,"[42, 42]","[0, 0]","[0, 0]",2
44,"[2, 3]",100.49999999999643,"[41, 41]","[0, 0]","[0, 0]",2
45,"[0, 1]",93.04999999999686,"[43, 43]","[0, 0]","[0, 0]",2
46,"[0, 1]",94.0499999999968,"[45, 45]","[0, 0]","[0, 0]",2
47,"[2, 3]",102.7499999999963,"[44, 44]","[0, 0]","[0, 0]",2
48,"[2, 3]",104.99999999999618,"[47, 47]","[0, 0]","[0, 0]",2
49,"[0, 1]",95.09999999999674,"[46, 46]","[0, 0]","[0, 0]",2
50,"[2, 3]",107.34999999999604,"[48, 48]","[0, 0]","[0, 0]",2
51,"[2, 3]",109.64999999999591,"[50, 50]","[0, 0]","[0, 0]",2
52,"[2, 3]",111.89999999999579,"[51, 51]","[0, 0]","[0, 0]",2
53,"[0, 1]",96.14999999999668,"[49, 49]","[0, 0]","[0, 0]",2
54,"[2, 3]",114.19999999999565,"[52, 52]","[0, 0]","[0, 0]",2
55,"[2, 3]",116.54999999999552,"[54, 54]","[0, 0]","[0, 0]",2
56,"[0, 1]",97.19999999999662,"[53, 53]","[0, 0]","[0, 0]",2
57,"[2, 3]",118.79999999999539,"[55, 55]","[0, 0]","[0, 0]",2
58,"[0, 1]",98.24999999999656,"[56, 56]","[0, 0]","[0, 0]",2
59,"[0, 1]",99.2499999999965,"[58, 58]","[0, 0]","[0, 0]",2
60,"[0, 1]",100.29999999999644,"[59, 59]","[0, 0]","[0, 0]",2
61,"[0, 1]",101.29999999999639,"[60, 60]","[0, 0]","[0, 0]",2
62,"[2, 3]",121.14999999999526,"[57, 57]","[0, 0]","[0, 0]",2
63,"[2, 3]",123.39999999999513,"[62, 62]","[0, 0]","[0, 0]",2
64,"[0, 1]",102.29999999999633,"[61, 61]","[0, 0]","[0, 0]",2
65,"[2, 3]",125.699999999995,"[63, 63]","[0, 0]","[0, 0]",2
66,"[0, 1]",103.29999999999627,"[64, 64]","[0, 0]","[0, 0]",2
67,"[2, 3]",128.09999999999488,"[65, 65]","[0, 0]","[0, 0]",2
68,"[0, 1]",104.34999999999621,"[66, 66]","[0, 0]","[0, 0]",2
69,"[2, 3]",130.3499999999954,"[67, 67]","[0, 0]","[0, 0]",2
70,"[2, 3]",132.74999999999594,"[69, 69]","[0, 0]","[0, 0]",2
71,"[0, 1]",105.34999999999616,"[68, 68]","[0, 0]","[0, 0]",2
72,"[2, 3]",134.99999999999645,"[70, 70]","[0, 0]","[0, 0]",2
73,"[2, 3]",137.29999999999697,"[72, 72]","[0, 0]","[0, 0]",2
74,"[0, 1]",106.3499999999961,"[71, 71]","[0, 0]","[0, 0]",2
75,"[2, 3]",139.5999999999975,"[73, 73]","[0, 0]","[0, 0]",2
76,"[2, 3]",141.849999999998,"[75, 75]","[0, 0]","[0, 0]",2
77,"[2, 3]",144.19999999999854,"[76, 76]","[0, 0]","[0, 0]",2
78,"[0, 1]",107.34999999999604,"[74, 74]","[0, 0]","[0, 0]",2
79,"[2, 3]",146.54999999999907,"[77, 77]","[0, 0]","[0, 0]",2
0,"[0, 1]",67.39999999999831,"[-999, -999]","[0, 0]","[0, 0]",3
1,"[2, 3]",67.7499999999983,"[-999, -999]","[0, 0]","[0, 0]",3
2,"[2, 3]",70.84999999999812,"[1, 1]","[0, 0]","[0, 0]",3
3,"[2, 3]",72.69999999999801,"[2, 2]","[0, 0]","[0, 0]",3
4,"[0, 1]",69.3999999999982,"[0, 0]","[0, 0]","[0, 0]",3
5,"[0, 1]",71.0999999999981,"[4, 4]","[0, 0]","[0, 0]",3
6,"[0, 1]",71.89999999999806,"[5, 5]","[0, 0]","[0, 0]",3
7,"[0, 1]",72.44999999999803,"[6, 6]","[0, 0]","[0, 0]",3
8,"[0, 1]",72.79999999999801,"[7, 7]","[0, 0]","[0, 0]",3
9,"[2, 3]",74.24999999999793,"[3, 3]","[0, 0]","[0, 0]",3
10,"[0, 1]",73.09999999999799,"[8, 8]","[0, 0]","[0, 0]",3
11,"[2, 3]",75.74999999999784,"[9, 9]","[0, 0]","[0, 0]",3
12,"[0, 1]",73.29999999999798,"[10, 10]","[0, 0]","[0, 0]",3
13,"[0, 1]",73.64999999999796,"[12, 12]","[0, 0]","[0, 0]",3
14,"[0, 1]",74.24999999999793,"[13, 13]","[0, 0]","[0, 0]",3
15,"[0, 1]",75.09999999999788,"[14, 14]","[0, 0]","[0, 0]",3
16,"[0, 1]",76.14999999999782,"[15, 15]","[0, 0]","[0, 0]",3
17,"[0, 1]",77.24999999999775,"[16, 16]","[0, 0]","[0, 0]",3
18,"[2, 3]",76.99999999999777,"[11, 11]","[0, 0]","[0, 0]",3
19,"[2, 3]",78.1999999999977,"[18, 18]","[0, 0]","[0, 0]",3
20,"[0, 1]",78.34999999999769,"[17, 17]","[0, 0]","[0, 0]",3
21,"[0, 1]",79.34999999999764,"[20, 20]","[0, 0]","[0, 0]",3
22,"[0, 1]",80.34999999999758,"[21, 21]","[0, 0]","[0, 0]",3
23,"[0, 1]",81.44999999999752,"[22, 22]","[0, 0]","[0, 0]",3
24,"[0, 1]",82.54999999999745,"[23, 23]","[0, 0]","[0, 0]",3
25,"[0, 1]",83.4999999999974,"[24, 24]","[0, 0]","[0, 0]",3
26,"[2, 3]",78.64999999999768,"[19, 19]","[0, 0]","[0, 0]",3
27,"[0, 1]",84.54999999999734,"[25, 25]","[0, 0]","[0, 0]",3
28,"[2, 3]",80.09999999999759,"[26, 26]","[0, 0]","[0, 0]",3
29,"[2, 3]",81.6999999999975,"[28, 28]","[0, 0]","[0, 0]",3
30,"[2, 3]",83.69999999999739,"[29, 29]","[0, 0]","[0, 0]",3
31,"[2, 3]",85.94999999999726,"[30, 30]","[0, 0]","[0, 0]",3
32,"[0, 1]",85.59999999999728,"[27, 27]","[0, 0]","[0, 0]",3
33,"[0, 1]",86.69999999999722,"[32, 32]","[0, 0]","[0, 0]",3
34,"[2, 3]",88.19999999999713,"[31, 31]","[8.14999999999998, 0]","[0, 0]",3
35,"[0, 1]",87.69999999999716,"[33, 33]","[0, 0]","[0, 0]",3
36,"[0, 1]",88.7499999999971,"[35, 35]","[0, 0]","[0, 0]",3
37,"[0, 1]",89.84999999999704,"[36, 36]","[0, 0]","[0, 0]",3
38,"[0, 1]",90.89999999999698,"[37, 37]","[0, 0]","[0, 0]",3
39,"[0, 1]",91.89999999999692,"[38, 38]","[0, 0]","[0, 0]",3
40,"[0, 1]",92.94999999999686,"[39, 39]","[0, 0]","[0, 0]",3
41,"[0, 1]",93.9499999999968,"[40, 40]","[0, 0]","[0, 0]",3
42,"[0, 1]",94.99999999999675,"[41, 41]","[0, 0]","[0, 0]",3
43,"[2, 3]",90.549999999997,"[34, 34]","[5.849999999999987, 0]","[0, 0]",3
44,"[0, 1]",96.04999999999669,"[42, 42]","[0, 0]","[0, 0]",3
45,"[0, 1]",97.09999999999663,"[44, 44]","[0, 0]","[0, 0]",3
46,"[2, 3]",92.84999999999687,"[43, 43]","[4.149999999999993, 0]","[0, 0]",3
47,"[2, 3]",95.09999999999674,"[46, 46]","[2.6999999999999984, 0]","[0, 0]",3
48,"[0, 1]",98.09999999999657,"[45, 45]","[0, 0]","[0, 0]",3
49,"[0, 1]",99.09999999999651,"[48, 48]","[0, 0]","[0, 0]",3
50,"[0, 1]",100.14999999999645,"[49, 49]","[0, 0]","[0, 0]",3
51,"[0, 1]",101.1999999999964,"[50, 50]","[0, 0]","[0, 0]",3
52,"[0, 1]",102.19999999999634,"[51, 51]","[0, 0]","[0, 0]",3
53,"[2, 3]",97.4999999999966,"[47, 47]","[1.3500000000000005, 0]","[0, 0]",3
54,"[0, 1]",103.19999999999628,"[52, 52]","[0, 0]","[0, 0]",3
55,"[2, 3]",99.74999999999648,"[53, 53]","[0, 0]","[0, 0]",3
56,"[0, 1]",104.19999999999622,"[54, 54]","[0, 0]","[0, 0]",3
57,"[0, 1]",105.29999999999616,"[56, 56]","[0, 0]","[0, 0]",3
58,"[0, 1]",106.3499999999961,"[57, 57]","[0, 0]","[0, 0]",3
59,"[0, 1]",107.34999999999604,"[58, 58]","[0, 0]","[0, 0]",3
60,"[0, 1]",108.44999999999598,"[59, 59]","[0, 0]","[0, 0]",3
61,"[2, 3]",102.09999999999634,"[55, 55]","[0, 0]","[0, 0]",3
62,"[2, 3]",104.29999999999622,"[61, 61]","[0, 0]","[0, 0]",3
63,"[0, 1]",109.49999999999592,"[60, 60]","[0, 0]","[0, 0]",3
64,"[0, 1]",110.49999999999586,"[63, 63]","[0, 0]","[0, 0]",3
65,"[0, 1]",111.5499999999958,"[64, 64]","[0, 0]","[0, 0]",3
66,"[0, 1]",112.59999999999575,"[65, 65]","[0, 0]","[0, 0]",3
67,"[0, 1]",113.59999999999569,"[66, 66]","[0, 0]","[0, 0]",3
68,"[2, 3]",106.59999999999609,"[62, 62]","[0, 0]","[0, 0]",3
69,"[0, 1]",114.59999999999563,"[67, 67]","[0, 0]","[0, 0]",3
70,"[2, 3]",108.94999999999595,"[68, 68]","[0, 0]","[0, 0]",3
71,"[0, 1]",115.64999999999557,"[69, 69]","[0, 0]","[0, 0]",3
72,"[0, 1]",116.74999999999551,"[71, 71]","[0, 0]","[0, 0]",3
73,"[0, 1]",117.84999999999545,"[72, 72]","[0, 0]","[0, 0]",3
74,"[2, 3]",111.19999999999582,"[70, 70]","[0, 0]","[0, 0]",3
75,"[2, 3]",113.54999999999569,"[74, 74]","[0, 0]","[0, 0]",3
76,"[2, 3]",115.84999999999556,"[75, 75]","[0, 0]","[0, 0]",3
77,"[2, 3]",118.09999999999543,"[76, 76]","[0, 0]","[0, 0]",3
78,"[2, 3]",120.3999999999953,"[77, 77]","[0, 0]","[0, 0]",3
79,"[0, 1]",118.84999999999539,"[73, 73]","[0, 0]","[0, 0]",3
0,"[2, 3]",67.7499999999983,"[-999, -999]","[0, 0]","[0, 0]",4
1,"[0, 1]",67.39999999999831,"[-999, -999]","[0, 0]","[0, 0]",4
2,"[2, 3]",70.84999999999812,"[0, 0]","[0, 0]","[0, 0]",4
3,"[0, 1]",70.09999999999816,"[1, 1]","[0, 0]","[0, 0]",4
4,"[0, 1]",71.2999999999981,"[3, 3]","[0, 0]","[0, 0]",4
5,"[0, 1]",72.04999999999805,"[4, 4]","[0, 0]","[0, 0]",4
6,"[2, 3]",72.74999999999801,"[2, 2]","[0, 0]","[0, 0]",4
7,"[2, 3]",74.24999999999793,"[6, 6]","[0, 0]","[0, 0]",4
8,"[2, 3]",75.74999999999784,"[7, 7]","[0, 0]","[0, 0]",4
9,"[2, 3]",76.94999999999777,"[8, 8]","[0, 0]","[0, 0]",4
10,"[0, 1]",72.49999999999802,"[5, 5]","[0, 0]","[0, 0]",4
11,"[0, 1]",72.949999999998,"[10, 10]","[0, 0]","[0, 0]",4
12,"[2, 3]",78.1499999999977,"[9, 9]","[0, 0]","[0, 0]",4
13,"[0, 1]",73.14999999999799,"[11, 11]","[0, 0]","[0, 0]",4
14,"[2, 3]",79.34999999999764,"[12, 12]","[0, 0]","[0, 0]",4
15,"[0, 1]",73.39999999999797,"[13, 13]","[0, 0]","[0, 0]",4
16,"[0, 1]",73.89999999999795,"[15, 15]","[0, 0]","[0, 0]",4
17,"[0, 1]",74.54999999999791,"[16, 16]","[0, 0]","[0, 0]",4
18,"[2, 3]",80.59999999999756,"[14, 14]","[0, 0]","[0, 0]",4
19,"[0, 1]",75.49999999999785,"[17, 17]","[0, 0]","[0, 0]",4
20,"[2, 3]",82.34999999999746,"[18, 18]","[0, 0]","[0, 0]",4
21,"[2, 3]",84.44999999999735,"[20, 20]","[0, 0]","[0, 0]",4
22,"[0, 1]",76.59999999999779,"[19, 19]","[0, 0]","[0, 0]",4
23,"[2, 3]",86.74999999999721,"[21, 21]","[6.149999999999986, 0]","[0, 0]",4
24,"[2, 3]",88.99999999999709,"[23, 23]","[8.79999999999999, 0]","[0, 0]",4
25,"[2, 3]",91.24999999999696,"[24, 24]","[6.449999999999985, 0]","[0, 0]",4
26,"[0, 1]",77.69999999999773,"[22, 22]","[0, 0]","[0, 0]",4
27,"[2, 3]",93.54999999999683,"[25, 25]","[4.749999999999991, 0]","[0, 0]",4
28,"[0, 1]",78.69999999999767,"[26, 26]","[0, 0]","[0, 0]",4
29,"[0, 1]",79.69999999999762,"[28, 28]","[0, 0]","[0, 0]",4
30,"[0, 1]",80.69999999999756,"[29, 29]","[0, 0]","[0, 0]",4
31,"[2, 3]",95.8499999999967,"[27, 27]","[3.1999999999999966, 0]","[0, 0]",4
32,"[0, 1]",81.7999999999975,"[30, 30]","[0, 0]","[0, 0]",4
33,"[2, 3]",98.14999999999657,"[31, 31]","[1.7000000000000008, 0]","[0, 0]",4
34,"[0, 1]",82.84999999999744,"[32, 32]","[0, 0]","[0, 0]",4
35,"[2, 3]",100.44999999999644,"[33, 33]","[0, 0]","[0, 0]",4
36,"[0, 1]",83.84999999999738,"[34, 34]","[0, 0]","[0, 0]",4
37,"[0, 1]",84.84999999999732,"[36, 36]","[0, 0]","[0, 0]",4
38,"[0, 1]",85.84999999999727,"[37, 37]","[0, 0]","[0, 0]",4
39,"[2, 3]",102.7499999999963,"[35, 35]","[0, 0]","[0, 0]",4
40,"[2, 3]",105.04999999999617,"[39, 39]","[0, 0]","[0, 0]",4
41,"[2, 3]",107.29999999999605,"[40, 40]","[0, 0]","[0, 0]",4
42,"[0, 1]",86.84999999999721,"[38, 38]","[0, 0]","[0, 0]",4
43,"[2, 3]",109.69999999999591,"[41, 41]","[0, 0]","[0, 0]",4
44,"[2, 3]",111.99999999999578,"[43, 43]","[0, 0]","[0, 0]",4
45,"[2, 3]",114.24999999999565,"[44, 44]","[0, 0]","[0, 0]",4
46,"[0, 1]",87.84999999999715,"[42, 42]","[0, 0]","[0, 0]",4
47,"[2, 3]",116.54999999999552,"[45, 45]","[0, 0]","[0, 0]",4
48,"[0, 1]",88.94999999999709,"[46, 46]","[0, 0]","[0, 0]",4
49,"[2, 3]",118.84999999999539,"[47, 47]","[0, 0]","[0, 0]",4
50,"[2, 3]",121.14999999999526,"[49, 49]","[0, 0]","[0, 0]",4
51,"[0, 1]",89.99999999999703,"[48, 48]","[0, 0]","[0, 0]",4
52,"[2, 3]",123.44999999999513,"[50, 50]","[0, 0]","[0, 0]",4
53,"[0, 1]",91.04999999999697,"[51, 51]","[0, 0]","[0, 0]",4
54,"[2, 3]",125.749999999995,"[52, 52]","[0, 0]","[0, 0]",4
55,"[0, 1]",91.99999999999692,"[53, 53]","[0, 0]","[0, 0]",4
56,"[0, 1]",93.04999999999686,"[55, 55]","[0, 0]","[0, 0]",4
57,"[0, 1]",94.0499999999968,"[56, 56]","[0, 0]","[0, 0]",4
58,"[2, 3]",128.09999999999488,"[54, 54]","[0, 0]","[0, 0]",4
59,"[2, 3]",130.3999999999954,"[58, 58]","[0, 0]","[0, 0]",4
60,"[2, 3]",132.69999999999592,"[59, 59]","[0, 0]","[0, 0]",4
61,"[0, 1]",95.09999999999674,"[57, 57]","[0, 0]","[0, 0]",4
62,"[2, 3]",134.99999999999645,"[60, 60]","[0, 0]","[0, 0]",4
63,"[0, 1]",96.09999999999668,"[61, 61]","[0, 0]","[0, 0]",4
64,"[0, 1]",97.14999999999662,"[63, 63]","[0, 0]","[0, 0]",4
65,"[0, 1]",98.19999999999656,"[64, 64]","[0, 0]","[0, 0]",4
66,"[0, 1]",99.2999999999965,"[65, 65]","[0, 0]","[0, 0]",4
67,"[2, 3]",137.34999999999698,"[62, 62]","[0, 0]","[0, 0]",4
68,"[0, 1]",100.39999999999644,"[66, 66]","[0, 0]","[0, 0]",4
69,"[2, 3]",139.6499999999975,"[67, 67]","[0, 0]","[0, 0]",4
70,"[0, 1]",101.39999999999638,"[68, 68]","[0, 0]","[0, 0]",4
71,"[0, 1]",102.44999999999632,"[70, 70]","[0, 0]","[0, 0]",4
72,"[2, 3]",141.89999999999802,"[69, 69]","[0, 0]","[0, 0]",4
73,"[0, 1]",103.49999999999626,"[71, 71]","[0, 0]","[0, 0]",4
74,"[0, 1]",104.5499999999962,"[73, 73]","[0, 0]","[0, 0]",4
75,"[0, 1]",105.49999999999615,"[74, 74]","[0, 0]","[0, 0]",4
76,"[0, 1]",106.49999999999609,"[75, 75]","[0, 0]","[0, 0]",4
77,"[2, 3]",144.24999999999855,"[72, 72]","[0, 0]","[0, 0]",4
78,"[0, 1]",107.54999999999603,"[76, 76]","[0, 0]","[0, 0]",4
79,"[2, 3]",146.59999999999908,"[77, 77]","[0, 0]","[0, 0]",4
0,"[2, 3]",67.7499999999983,"[-999, -999]","[0, 0]","[0, 0]",5
1,"[2, 3]",70.84999999999812,"[0, 0]","[0, 0]","[0, 0]",5
2,"[0, 1]",67.39999999999831,"[-999, -999]","[0, 0]","[0, 0]",5
3,"[2, 3]",72.69999999999801,"[1, 1]","[0, 0]","[0, 0]",5
4,"[0, 1]",70.09999999999816,"[2, 2]","[0, 0]","[0, 0]",5
5,"[0, 1]",71.2999999999981,"[4, 4]","[0, 0]","[0, 0]",5
6,"[0, 1]",72.04999999999805,"[5, 5]","[0, 0]","[0, 0]",5
7,"[2, 3]",74.24999999999793,"[3, 3]","[0, 0]","[0, 0]",5
8,"[0, 1]",72.49999999999802,"[6, 6]","[0, 0]","[0, 0]",5
9,"[0, 1]",72.949999999998,"[8, 8]","[0, 0]","[0, 0]",5
10,"[0, 1]",73.14999999999799,"[9, 9]","[0, 0]","[0, 0]",5
11,"[0, 1]",73.39999999999797,"[10, 10]","[0, 0]","[0, 0]",5
12,"[2, 3]",75.74999999999784,"[7, 7]","[0, 0]","[0, 0]",5
13,"[0, 1]",73.84999999999795,"[11, 11]","[0, 0]","[0, 0]",5
14,"[0, 1]",74.54999999999791,"[13, 13]","[0, 0]","[0, 0]",5
15,"[2, 3]",76.94999999999777,"[12, 12]","[0, 0]","[0, 0]",5
16,"[2, 3]",78.1499999999977,"[15, 15]","[0, 0]","[0, 0]",5
17,"[2, 3]",79.29999999999764,"[16, 16]","[0, 0]","[0, 0]",5
18,"[2, 3]",80.59999999999756,"[17, 17]","[0, 0]","[0, 0]",5
19,"[2, 3]",82.39999999999746,"[18, 18]","[0, 0]","[0, 0]",5
20,"[0, 1]",75.49999999999785,"[14, 14]","[0, 0]","[0, 0]",5
21,"[0, 1]",76.59999999999779,"[20, 20]","[0, 0]","[0, 0]",5
22,"[0, 1]",77.69999999999773,"[21, 21]","[0, 0]","[0, 0]",5
23,"[0, 1]",78.69999999999767,"[22, 22]","[0, 0]","[0, 0]",5
24,"[0, 1]",79.69999999999762,"[23, 23]","[0, 0]","[0, 0]",5
25,"[0, 1]",80.69999999999756,"[24, 24]","[0, 0]","[0, 0]",5
26,"[2, 3]",84.49999999999734,"[19, 19]","[0, 0]","[0, 0]",5
27,"[2, 3]",86.74999999999721,"[26, 26]","[6.199999999999986, 0]","[0, 0]",5
28,"[0, 1]",81.7499999999975,"[25, 25]","[0, 0]","[0, 0]",5
29,"[0, 1]",82.74999999999744,"[28, 28]","[0, 0]","[0, 0]",5
30,"[0, 1]",83.74999999999739,"[29, 29]","[0, 0]","[0, 0]",5
31,"[0, 1]",84.84999999999732,"[30, 30]","[0, 0]","[0, 0]",5
32,"[2, 3]",89.09999999999708,"[27, 27]","[8.79999999999999, 0]","[0, 0]",5
33,"[0, 1]",85.89999999999726,"[31, 31]","[0, 0]","[0, 0]",5
34,"[0, 1]",86.8999999999972,"[33, 33]","[0, 0]","[0, 0]",5
35,"[2, 3]",91.34999999999695,"[32, 32]","[6.449999999999985, 0]","[0, 0]",5
36,"[0, 1]",87.89999999999715,"[34, 34]","[0, 0]","[0, 0]",5
37,"[0, 1]",88.94999999999709,"[36, 36]","[0, 0]","[0, 0]",5
38,"[2, 3]",93.64999999999682,"[35, 35]","[4.749999999999991, 0]","[0, 0]",5
39,"[2, 3]",95.94999999999669,"[38, 38]","[3.1999999999999966, 0]","[0, 0]",5
40,"[0, 1]",89.94999999999703,"[37, 37]","[0, 0]","[0, 0]",5
41,"[2, 3]",98.29999999999656,"[39, 39]","[1.7000000000000008, 0]","[0, 0]",5
42,"[2, 3]",100.54999999999643,"[41, 41]","[0, 0]","[0, 0]",5
43,"[2, 3]",102.8499999999963,"[42, 42]","[0, 0]","[0, 0]",5
44,"[0, 1]",90.99999999999697,"[40, 40]","[0, 0]","[0, 0]",5
45,"[2, 3]",105.14999999999617,"[43, 43]","[0, 0]","[0, 0]",5
46,"[2, 3]",107.44999999999604,"[45, 45]","[0, 0]","[0, 0]",5
47,"[0, 1]",92.04999999999691,"[44, 44]","[0, 0]","[0, 0]",5
48,"[2, 3]",109.74999999999591,"[46, 46]","[0, 0]","[0, 0]",5
49,"[2, 3]",111.99999999999578,"[48, 48]","[0, 0]","[0, 0]",5
50,"[0, 1]",93.09999999999685,"[47, 47]","[0, 0]","[0, 0]",5
51,"[0, 1]",94.0999999999968,"[50, 50]","[0, 0]","[0, 0]",5
52,"[0, 1]",95.09999999999674,"[51, 51]","[0, 0]","[0, 0]",5
53,"[0, 1]",96.09999999999668,"[52, 52]","[0, 0]","[0, 0]",5
54,"[2, 3]",114.29999999999565,"[49, 49]","[0, 0]","[0, 0]",5
55,"[2, 3]",116.59999999999552,"[54, 54]","[0, 0]","[0, 0]",5
56,"[0, 1]",97.14999999999662,"[53, 53]","[0, 0]","[0, 0]",5
57,"[0, 1]",98.19999999999656,"[56, 56]","[0, 0]","[0, 0]",5
58,"[0, 1]",99.2499999999965,"[57, 57]","[0, 0]","[0, 0]",5
59,"[2, 3]",118.89999999999539,"[55, 55]","[0, 0]","[0, 0]",5
60,"[2, 3]",121.19999999999526,"[59, 59]","[0, 0]","[0, 0]",5
61,"[0, 1]",100.29999999999644,"[58, 58]","[0, 0]","[0, 0]",5
62,"[0, 1]",101.29999999999639,"[61, 61]","[0, 0]","[0, 0]",5
63,"[0, 1]",102.29999999999633,"[62, 62]","[0, 0]","[0, 0]",5
64,"[0, 1]",103.29999999999627,"[63, 63]","[0, 0]","[0, 0]",5
65,"[2, 3]",123.54999999999512,"[60, 60]","[0, 0]","[0, 0]",5
66,"[2, 3]",125.799999999995,"[65, 65]","[0, 0]","[0, 0]",5
67,"[2, 3]",128.1499999999949,"[66, 66]","[0, 0]","[0, 0]",5
68,"[0, 1]",104.34999999999621,"[64, 64]","[0, 0]","[0, 0]",5
69,"[0, 1]",105.39999999999615,"[68, 68]","[0, 0]","[0, 0]",5
70,"[0, 1]",106.3999999999961,"[69, 69]","[0, 0]","[0, 0]",5
71,"[2, 3]",130.3999999999954,"[67, 67]","[0, 0]","[0, 0]",5
72,"[0, 1]",107.44999999999604,"[70, 70]","[0, 0]","[0, 0]",5
73,"[2, 3]",132.79999999999595,"[71, 71]","[0, 0]","[0, 0]",5
74,"[0, 1]",108.59999999999597,"[72, 72]","[0, 0]","[0, 0]",5
75,"[2, 3]",135.04999999999646,"[73, 73]","[0, 0]","[0, 0]",5
76,"[2, 3]",137.399999999997,"[75, 75]","[0, 0]","[0, 0]",5
77,"[0, 1]",109.64999999999591,"[74, 74]","[0, 0]","[0, 0]",5
78,"[0, 1]",110.64999999999586,"[77, 77]","[0, 0]","[0, 0]",5
79,"[0, 1]",111.7499999999958,"[78, 78]","[0, 0]","[0, 0]",5
0,"[0, 1]",67.39999999999831,"[-999, -999]","[0, 0]","[0, 0]",6
1,"[2, 3]",67.7499999999983,"[-999, -999]","[0, 0]","[0, 0]",6
2,"[0, 1]",70.09999999999816,"[0, 0]","[0, 0]","[0, 0]",6
3,"[0, 1]",71.2999999999981,"[2, 2]","[0, 0]","[0, 0]",6
4,"[2, 3]",70.79999999999812,"[1, 1]","[0, 0]","[0, 0]",6
5,"[2, 3]",72.69999999999801,"[4, 4]","[0, 0]","[0, 0]",6
6,"[0, 1]",72.04999999999805,"[3, 3]","[0, 0]","[0, 0]",6
7,"[0, 1]",72.54999999999802,"[6, 6]","[0, 0]","[0, 0]",6
8,"[2, 3]",74.29999999999792,"[5, 5]","[0, 0]","[0, 0]",6
9,"[0, 1]",72.949999999998,"[7, 7]","[0, 0]","[0, 0]",6
10,"[0, 1]",73.14999999999799,"[9, 9]","[0, 0]","[0, 0]",6
11,"[0, 1]",73.39999999999797,"[10, 10]","[0, 0]","[0, 0]",6
12,"[0, 1]",73.84999999999795,"[11, 11]","[0, 0]","[0, 0]",6
13,"[2, 3]",75.69999999999784,"[8, 8]","[0, 0]","[0, 0]",6
14,"[2, 3]",76.99999999999777,"[13, 13]","[0, 0]","[0, 0]",6
15,"[2, 3]",78.1999999999977,"[14, 14]","[0, 0]","[0, 0]",6
16,"[0, 1]",74.54999999999791,"[12, 12]","[0, 0]","[0, 0]",6
17,"[0, 1]",75.49999999999785,"[16, 16]","[0, 0]","[0, 0]",6
18,"[0, 1]",76.59999999999779,"[17, 17]","[0, 0]","[0, 0]",6
19,"[0, 1]",77.69999999999773,"[18, 18]","[0, 0]","[0, 0]",6
20,"[0, 1]",78.74999999999767,"[19, 19]","[0, 0]","[0, 0]",6
21,"[2, 3]",79.29999999999764,"[15, 15]","[0, 0]","[0, 0]",6
22,"[0, 1]",79.74999999999761,"[20, 20]","[0, 0]","[0, 0]",6
23,"[2, 3]",80.54999999999757,"[21, 21]","[0, 0]","[0, 0]",6
24,"[0, 1]",80.79999999999755,"[22, 22]","[0, 0]","[0, 0]",6
25,"[0, 1]",81.89999999999749,"[24, 24]","[0, 0]","[0, 0]",6
26,"[0, 1]",82.89999999999743,"[25, 25]","[0, 0]","[0, 0]",6
27,"[0, 1]",83.94999999999737,"[26, 26]","[0, 0]","[0, 0]",6
28,"[2, 3]",82.39999999999746,"[23, 23]","[0, 0]","[0, 0]",6
29,"[2, 3]",84.44999999999735,"[28, 28]","[0, 0]","[0, 0]",6
30,"[0, 1]",84.94999999999732,"[27, 27]","[0, 0]","[0, 0]",6
31,"[2, 3]",86.74999999999721,"[29, 29]","[6.149999999999986, 0]","[0, 0]",6
32,"[0, 1]",85.94999999999726,"[30, 30]","[0, 0]","[0, 0]",6
33,"[2, 3]",89.04999999999708,"[31, 31]","[8.84999999999999, 0]","[0, 0]",6
34,"[0, 1]",86.9999999999972,"[32, 32]","[0, 0]","[0, 0]",6
35,"[0, 1]",87.99999999999714,"[34, 34]","[0, 0]","[0, 0]",6
36,"[0, 1]",89.09999999999708,"[35, 35]","[0, 0]","[0, 0]",6
37,"[2, 3]",91.34999999999695,"[33, 33]","[6.499999999999985, 0]","[0, 0]",6
38,"[2, 3]",93.64999999999682,"[37, 37]","[4.749999999999991, 0]","[0, 0]",6
39,"[2, 3]",95.94999999999669,"[38, 38]","[3.2499999999999964, 0]","[0, 0]",6
40,"[0, 1]",90.14999999999702,"[36, 36]","[0, 0]","[0, 0]",6
41,"[0, 1]",91.14999999999696,"[40, 40]","[0, 0]","[0, 0]",6
42,"[2, 3]",98.24999999999656,"[39, 39]","[1.7500000000000009, 0]","[0, 0]",6
43,"[2, 3]",100.54999999999643,"[42, 42]","[0, 0]","[0, 0]",6
44,"[2, 3]",102.8499999999963,"[43, 43]","[0, 0]","[0, 0]",6
45,"[0, 1]",92.14999999999691,"[41, 41]","[0, 0]","[0, 0]",6
46,"[0, 1]",93.19999999999685,"[45, 45]","[0, 0]","[0, 0]",6
47,"[2, 3]",105.14999999999617,"[44, 44]","[0, 0]","[0, 0]",6
48,"[0, 1]",94.24999999999679,"[46, 46]","[0, 0]","[0, 0]",6
49,"[2, 3]",107.44999999999604,"[47, 47]","[0, 0]","[0, 0]",6
50,"[2, 3]",109.8499999999959,"[49, 49]","[0, 0]","[0, 0]",6
51,"[0, 1]",95.29999999999673,"[48, 48]","[0, 0]","[0, 0]",6
52,"[2, 3]",112.09999999999577,"[50, 50]","[0, 0]","[0, 0]",6
53,"[0, 1]",96.39999999999667,"[51, 51]","[0, 0]","[0, 0]",6
54,"[0, 1]",97.4499999999966,"[53, 53]","[0, 0]","[0, 0]",6
55,"[2, 3]",114.44999999999564,"[52, 52]","[0, 0]","[0, 0]",6
56,"[2, 3]",116.74999999999551,"[55, 55]","[0, 0]","[0, 0]",6
57,"[2, 3]",118.99999999999538,"[56, 56]","[0, 0]","[0, 0]",6
58,"[0, 1]",98.49999999999655,"[54, 54]","[0, 0]","[0, 0]",6
59,"[0, 1]",99.54999999999649,"[58, 58]","[0, 0]","[0, 0]",6
60,"[2, 3]",121.34999999999525,"[57, 57]","[0, 0]","[0, 0]",6
61,"[2, 3]",123.59999999999512,"[60, 60]","[0, 0]","[0, 0]",6
62,"[0, 1]",100.64999999999642,"[59, 59]","[0, 0]","[0, 0]",6
63,"[2, 3]",125.89999999999499,"[61, 61]","[0, 0]","[0, 0]",6
64,"[0, 1]",101.59999999999637,"[62, 62]","[0, 0]","[0, 0]",6
65,"[2, 3]",128.29999999999492,"[63, 63]","[0, 0]","[0, 0]",6
66,"[0, 1]",102.59999999999631,"[64, 64]","[0, 0]","[0, 0]",6
67,"[2, 3]",130.54999999999544,"[65, 65]","[0, 0]","[0, 0]",6
68,"[2, 3]",132.89999999999597,"[67, 67]","[0, 0]","[0, 0]",6
69,"[2, 3]",135.1999999999965,"[68, 68]","[0, 0]","[0, 0]",6
70,"[0, 1]",103.59999999999626,"[66, 66]","[0, 0]","[0, 0]",6
71,"[2, 3]",137.49999999999702,"[69, 69]","[0, 0]","[0, 0]",6
72,"[2, 3]",139.79999999999754,"[71, 71]","[0, 0]","[0, 0]",6
73,"[2, 3]",141.99999999999804,"[72, 72]","[0, 0]","[0, 0]",6
74,"[2, 3]",144.34999999999857,"[73, 73]","[0, 0]","[0, 0]",6
75,"[0, 1]",104.6999999999962,"[70, 70]","[0, 0]","[0, 0]",6
76,"[0, 1]",105.69999999999614,"[75, 75]","[0, 0]","[0, 0]",6
77,"[2, 3]",146.6499999999991,"[74, 74]","[0, 0]","[0, 0]",6
78,"[2, 3]",148.99999999999963,"[77, 77]","[0, 0]","[0, 0]",6
79,"[0, 1]",106.74999999999608,"[76, 76]","[0, 0]","[0, 0]",6
0,"[2, 3]",67.7499999999983,"[-999, -999]","[0, 0]","[0, 0]",7
1,"[0, 1]",67.39999999999831,"[-999, -999]","[0, 0]","[0, 0]",7
2,"[0, 1]",70.09999999999816,"[1, 1]","[0, 0]","[0, 0]",7
3,"[2, 3]",70.84999999999812,"[0, 0]","[0, 0]","[0, 0]",7
4,"[2, 3]",72.69999999999801,"[3, 3]","[0, 0]","[0, 0]",7
5,"[0, 1]",71.2999999999981,"[2, 2]","[0, 0]","[0, 0]",7
6,"[2, 3]",74.29999999999792,"[4, 4]","[0, 0]","[0, 0]",7
7,"[0, 1]",72.04999999999805,"[5, 5]","[0, 0]","[0, 0]",7
8,"[0, 1]",72.49999999999802,"[7, 7]","[0, 0]","[0, 0]",7
9,"[2, 3]",75.69999999999784,"[6, 6]","[0, 0]","[0, 0]",7
10,"[2, 3]",76.99999999999777,"[9, 9]","[0, 0]","[0, 0]",7
11,"[2, 3]",78.1499999999977,"[10, 10]","[0, 0]","[0, 0]",7
12,"[0, 1]",72.949999999998,"[8, 8]","[0, 0]","[0, 0]",7
13,"[2, 3]",79.29999999999764,"[11, 11]","[0, 0]","[0, 0]",7
14,"[0, 1]",73.14999999999799,"[12, 12]","[0, 0]","[0, 0]",7
15,"[0, 1]",73.39999999999797,"[14, 14]","[0, 0]","[0, 0]",7
16,"[0, 1]",73.84999999999795,"[15, 15]","[0, 0]","[0, 0]",7
17,"[0, 1]",74.54999999999791,"[16, 16]","[0, 0]","[0, 0]",7
18,"[2, 3]",80.59999999999756,"[13, 13]","[0, 0]","[0, 0]",7
19,"[0, 1]",75.49999999999785,"[17, 17]","[0, 0]","[0, 0]",7
20,"[0, 1]",76.59999999999779,"[19, 19]","[0, 0]","[0, 0]",7
21,"[0, 1]",77.69999999999773,"[20, 20]","[0, 0]","[0, 0]",7
22,"[2, 3]",82.34999999999746,"[18, 18]","[0, 0]","[0, 0]",7
23,"[0, 1]",78.69999999999767,"[21, 21]","[0, 0]","[0, 0]",7
24,"[2, 3]",84.44999999999735,"[22, 22]","[0, 0]","[0, 0]",7
25,"[2, 3]",86.74999999999721,"[24, 24]","[6.199999999999986, 0]","[0, 0]",7
26,"[2, 3]",89.09999999999708,"[25, 25]","[8.79999999999999, 0]","[0, 0]",7
27,"[2, 3]",91.34999999999695,"[26, 26]","[6.449999999999985, 0]","[0, 0]",7
28,"[0, 1]",79.69999999999762,"[23, 23]","[0, 0]","[0, 0]",7
29,"[0, 1]",80.69999999999756,"[28, 28]","[0, 0]","[0, 0]",7
30,"[0, 1]",81.7499999999975,"[29, 29]","[0, 0]","[0, 0]",7
31,"[0, 1]",82.74999999999744,"[30, 30]","[0, 0]","[0, 0]",7
32,"[0, 1]",83.79999999999738,"[31, 31]","[0, 0]","[0, 0]",7
33,"[2, 3]",93.64999999999682,"[27, 27]","[4.749999999999991, 0]","[0, 0]",7
34,"[2, 3]",95.99999999999669,"[33, 33]","[3.1999999999999966, 0]","[0, 0]",7
35,"[2, 3]",98.29999999999656,"[34, 34]","[1.7000000000000008, 0]","[0, 0]",7
36,"[0, 1]",84.84999999999732,"[32, 32]","[0, 0]","[0, 0]",7
37,"[2, 3]",100.59999999999643,"[35, 35]","[0, 0]","[0, 0]",7
38,"[2, 3]",102.8999999999963,"[37, 37]","[0, 0]","[0, 0]",7
39,"[0, 1]",85.89999999999726,"[36, 36]","[0, 0]","[0, 0]",7
40,"[2, 3]",105.14999999999617,"[38, 38]","[0, 0]","[0, 0]",7
41,"[2, 3]",107.44999999999604,"[40, 40]","[0, 0]","[0, 0]",7
42,"[2, 3]",109.7999999999959,"[41, 41]","[0, 0]","[0, 0]",7
43,"[0, 1]",86.9499999999972,"[39, 39]","[0, 0]","[0, 0]",7
44,"[2, 3]",112.04999999999578,"[42, 42]","[0, 0]","[0, 0]",7
45,"[0, 1]",87.89999999999715,"[43, 43]","[0, 0]","[0, 0]",7
46,"[0, 1]",88.99999999999709,"[45, 45]","[0, 0]","[0, 0]",7
47,"[2, 3]",114.39999999999564,"[44, 44]","[0, 0]","[0, 0]",7
48,"[0, 1]",89.99999999999703,"[46, 46]","[0, 0]","[0, 0]",7
49,"[2, 3]",116.64999999999552,"[47, 47]","[0, 0]","[0, 0]",7
50,"[0, 1]",91.04999999999697,"[48, 48]","[0, 0]","[0, 0]",7
51,"[0, 1]",92.09999999999691,"[50, 50]","[0, 0]","[0, 0]",7
52,"[2, 3]",118.99999999999538,"[49, 49]","[0, 0]","[0, 0]",7
53,"[2, 3]",121.29999999999525,"[52, 52]","[0, 0]","[0, 0]",7
54,"[0, 1]",93.09999999999685,"[51, 51]","[0, 0]","[0, 0]",7
55,"[2, 3]",123.54999999999512,"[53, 53]","[0, 0]","[0, 0]",7
56,"[0, 1]",94.0999999999968,"[54, 54]","[0, 0]","[0, 0]",7
57,"[0, 1]",95.09999999999674,"[56, 56]","[0, 0]","[0, 0]",7
58,"[0, 1]",96.09999999999668,"[57, 57]","[0, 0]","[0, 0]",7
59,"[2, 3]",125.89999999999499,"[55, 55]","[0, 0]","[0, 0]",7
60,"[0, 1]",97.19999999999662,"[58, 58]","[0, 0]","[0, 0]",7
61,"[0, 1]",98.24999999999656,"[60, 60]","[0, 0]","[0, 0]",7
62,"[0, 1]",99.2499999999965,"[61, 61]","[0, 0]","[0, 0]",7
63,"[2, 3]",128.1999999999949,"[59, 59]","[0, 0]","[0, 0]",7
64,"[0, 1]",100.29999999999644,"[62, 62]","[0, 0]","[0, 0]",7
65,"[0, 1]",101.34999999999638,"[64, 64]","[0, 0]","[0, 0]",7
66,"[2, 3]",130.54999999999544,"[63, 63]","[0, 0]","[0, 0]",7
67,"[0, 1]",102.34999999999633,"[65, 65]","[0, 0]","[0, 0]",7
68,"[0, 1]",103.34999999999627,"[67, 67]","[0, 0]","[0, 0]",7
69,"[0, 1]",104.39999999999621,"[68, 68]","[0, 0]","[0, 0]",7
70,"[2, 3]",132.89999999999597,"[66, 66]","[0, 0]","[0, 0]",7
71,"[0, 1]",105.39999999999615,"[69, 69]","[0, 0]","[0, 0]",7
72,"[0, 1]",106.3999999999961,"[71, 71]","[0, 0]","[0, 0]",7
73,"[0, 1]",107.44999999999604,"[72, 72]","[0, 0]","[0, 0]",7
74,"[0, 1]",108.59999999999597,"[73, 73]","[0, 0]","[0, 0]",7
75,"[2, 3]",135.14999999999648,"[70, 70]","[0, 0]","[0, 0]",7
76,"[2, 3]",137.49999999999702,"[75, 75]","[0, 0]","[0, 0]",7
77,"[0, 1]",109.54999999999592,"[74, 74]","[0, 0]","[0, 0]",7
78,"[2, 3]",139.74999999999753,"[76, 76]","[0, 0]","[0, 0]",7
79,"[0, 1]",110.54999999999586,"[77, 77]","[0, 0]","[0, 0]",7
0,"[0, 1]",67.39999999999831,"[-999, -999]","[0, 0]","[0, 0]",8
1,"[0, 1]",70.09999999999816,"[0, 0]","[0, 0]","[0, 0]",8
2,"[2, 3]",67.7499999999983,"[-999, -999]","[0, 0]","[0, 0]",8
3,"[0, 1]",71.2999999999981,"[1, 1]","[0, 0]","[0, 0]",8
4,"[0, 1]",72.04999999999805,"[3, 3]","[0, 0]","[0, 0]",8
5,"[2, 3]",70.79999999999812,"[2, 2]","[0, 0]","[0, 0]",8
6,"[0, 1]",72.49999999999802,"[4, 4]","[0, 0]","[0, 0]",8
7,"[2, 3]",72.74999999999801,"[5, 5]","[0, 0]","[0, 0]",8
8,"[0, 1]",72.899999999998,"[6, 6]","[0, 0]","[0, 0]",8
9,"[0, 1]",73.14999999999799,"[8, 8]","[0, 0]","[0, 0]",8
10,"[0, 1]",73.39999999999797,"[9, 9]","[0, 0]","[0, 0]",8
11,"[2, 3]",74.29999999999792,"[7, 7]","[0, 0]","[0, 0]",8
12,"[2, 3]",75.69999999999784,"[11, 11]","[0, 0]","[0, 0]",8
13,"[2, 3]",76.94999999999777,"[12, 12]","[0, 0]","[0, 0]",8
14,"[0, 1]",73.84999999999795,"[10, 10]","[0, 0]","[0, 0]",8
15,"[0, 1]",74.54999999999791,"[14, 14]","[0, 0]","[0, 0]",8
16,"[2, 3]",78.1499999999977,"[13, 13]","[0, 0]","[0, 0]",8
17,"[2, 3]",79.34999999999764,"[16, 16]","[0, 0]","[0, 0]",8
18,"[2, 3]",80.54999999999757,"[17, 17]","[0, 0]","[0, 0]",8
19,"[0, 1]",75.49999999999785,"[15, 15]","[0, 0]","[0, 0]",8
20,"[0, 1]",76.59999999999779,"[19, 19]","[0, 0]","[0, 0]",8
21,"[0, 1]",77.69999999999773,"[20, 20]","[0, 0]","[0, 0]",8
22,"[0, 1]",78.74999999999767,"[21, 21]","[0, 0]","[0, 0]",8
23,"[0, 1]",79.74999999999761,"[22, 22]","[0, 0]","[0, 0]",8
24,"[0, 1]",80.79999999999755,"[23, 23]","[0, 0]","[0, 0]",8
25,"[0, 1]",81.8499999999975,"[24, 24]","[0, 0]","[0, 0]",8
26,"[0, 1]",82.89999999999743,"[25, 25]","[0, 0]","[0, 0]",8
27,"[0, 1]",83.89999999999738,"[26, 26]","[0, 0]","[0, 0]",8
28,"[0, 1]",84.94999999999732,"[27, 27]","[0, 0]","[0, 0]",8
29,"[2, 3]",82.39999999999746,"[18, 18]","[0, 0]","[0, 0]",8
30,"[0, 1]",85.94999999999726,"[28, 28]","[0, 0]","[0, 0]",8
31,"[2, 3]",84.44999999999735,"[29, 29]","[0, 0]","[0, 0]",8
32,"[0, 1]",86.9999999999972,"[30, 30]","[0, 0]","[0, 0]",8
33,"[2, 3]",86.74999999999721,"[31, 31]","[6.199999999999986, 0]","[0, 0]",8
34,"[0, 1]",87.99999999999714,"[32, 32]","[0, 0]","[0, 0]",8
35,"[2, 3]",89.09999999999708,"[33, 33]","[8.79999999999999, 0]","[0, 0]",8
36,"[2, 3]",91.34999999999695,"[35, 35]","[6.449999999999985, 0]","[0, 0]",8
37,"[0, 1]",89.09999999999708,"[34, 34]","[0, 0]","[0, 0]",8
38,"[0, 1]",90.14999999999702,"[37, 37]","[0, 0]","[0, 0]",8
39,"[0, 1]",91.19999999999696,"[38, 38]","[0, 0]","[0, 0]",8
40,"[0, 1]",92.14999999999691,"[39, 39]","[0, 0]","[0, 0]",8
41,"[0, 1]",93.19999999999685,"[40, 40]","[0, 0]","[0, 0]",8
42,"[2, 3]",93.69999999999682,"[36, 36]","[4.749999999999991, 0]","[0, 0]",8
43,"[0, 1]",94.24999999999679,"[41, 41]","[0, 0]","[0, 0]",8
44,"[0, 1]",95.29999999999673,"[43, 43]","[0, 0]","[0, 0]",8
45,"[0, 1]",96.34999999999667,"[44, 44]","[0, 0]","[0, 0]",8
46,"[2, 3]",95.99999999999669,"[42, 42]","[3.1999999999999966, 0]","[0, 0]",8
47,"[2, 3]",98.29999999999656,"[46, 46]","[1.7000000000000008, 0]","[0, 0]",8
48,"[0, 1]",97.34999999999661,"[45, 45]","[0, 0]","[0, 0]",8
49,"[0, 1]",98.34999999999656,"[48, 48]","[0, 0]","[0, 0]",8
50,"[2, 3]",100.59999999999643,"[47, 47]","[0, 0]","[0, 0]",8
51,"[2, 3]",102.8999999999963,"[50, 50]","[0, 0]","[0, 0]",8
52,"[0, 1]",99.3499999999965,"[49, 49]","[0, 0]","[0, 0]",8
53,"[0, 1]",100.39999999999644,"[52, 52]","[0, 0]","[0, 0]",8
54,"[0, 1]",101.39999999999638,"[53, 53]","[0, 0]","[0, 0]",8
55,"[0, 1]",102.44999999999632,"[54, 54]","[0, 0]","[0, 0]",8
56,"[0, 1]",103.39999999999627,"[55, 55]","[0, 0]","[0, 0]",8
57,"[0, 1]",104.4999999999962,"[56, 56]","[0, 0]","[0, 0]",8
58,"[0, 1]",105.54999999999615,"[57, 57]","[0, 0]","[0, 0]",8
59,"[0, 1]",106.54999999999609,"[58, 58]","[0, 0]","[0, 0]",8
60,"[2, 3]",105.14999999999617,"[51, 51]","[0, 0]","[0, 0]",8
61,"[2, 3]",107.49999999999604,"[60, 60]","[0, 0]","[0, 0]",8
62,"[2, 3]",109.7999999999959,"[61, 61]","[0, 0]","[0, 0]",8
63,"[2, 3]",112.09999999999577,"[62, 62]","[0, 0]","[0, 0]",8
64,"[0, 1]",107.54999999999603,"[59, 59]","[0, 0]","[0, 0]",8
65,"[0, 1]",108.59999999999597,"[64, 64]","[0, 0]","[0, 0]",8
66,"[0, 1]",109.59999999999592,"[65, 65]","[0, 0]","[0, 0]",8
67,"[2, 3]",114.39999999999564,"[63, 63]","[0, 0]","[0, 0]",8
68,"[2, 3]",116.69999999999551,"[67, 67]","[0, 0]","[0, 0]",8
69,"[0, 1]",110.59999999999586,"[66, 66]","[0, 0]","[0, 0]",8
70,"[0, 1]",111.6999999999958,"[69, 69]","[0, 0]","[0, 0]",8
71,"[2, 3]",118.94999999999538,"[68, 68]","[0, 0]","[0, 0]",8
72,"[0, 1]",112.74999999999574,"[70, 70]","[0, 0]","[0, 0]",8
73,"[2, 3]",121.29999999999525,"[71, 71]","[0, 0]","[0, 0]",8
74,"[0, 1]",113.79999999999568,"[72, 72]","[0, 0]","[0, 0]",8
75,"[0, 1]",114.74999999999562,"[74, 74]","[0, 0]","[0, 0]",8
76,"[0, 1]",115.79999999999556,"[75, 75]","[0, 0]","[0, 0]",8
77,"[0, 1]",116.8499999999955,"[76, 76]","[0, 0]","[0, 0]",8
78,"[0, 1]",117.89999999999544,"[77, 77]","[0, 0]","[0, 0]",8
79,"[2, 3]",123.59999999999512,"[73, 73]","[0, 0]","[0, 0]",8
0,"[0, 1]",67.39999999999831,"[-999, -999]","[0, 0]","[0, 0]",9
1,"[2, 3]",67.7499999999983,"[-999, -999]","[0, 0]","[0, 0]",9
2,"[0, 1]",70.09999999999816,"[0, 0]","[0, 0]","[0, 0]",9
3,"[0, 1]",71.2999999999981,"[2, 2]","[0, 0]","[0, 0]",9
4,"[2, 3]",70.79999999999812,"[1, 1]","[0, 0]","[0, 0]",9
5,"[2, 3]",72.74999999999801,"[4, 4]","[0, 0]","[0, 0]",9
6,"[0, 1]",72.04999999999805,"[3, 3]","[0, 0]","[0, 0]",9
7,"[2, 3]",74.24999999999793,"[5, 5]","[0, 0]","[0, 0]",9
8,"[2, 3]",75.69999999999784,"[7, 7]","[0, 0]","[0, 0]",9
9,"[0, 1]",72.49999999999802,"[6, 6]","[0, 0]","[0, 0]",9
10,"[2, 3]",76.99999999999777,"[8, 8]","[0, 0]","[0, 0]",9
11,"[2, 3]",78.1499999999977,"[10, 10]","[0, 0]","[0, 0]",9
12,"[2, 3]",79.34999999999764,"[11, 11]","[0, 0]","[0, 0]",9
13,"[2, 3]",80.59999999999756,"[12, 12]","[0, 0]","[0, 0]",9
14,"[2, 3]",82.34999999999746,"[13, 13]","[0, 0]","[0, 0]",9
15,"[2, 3]",84.49999999999734,"[14, 14]","[0, 0]","[0, 0]",9
16,"[2, 3]",86.69999999999722,"[15, 15]","[6.149999999999986, 0]","[0, 0]",9
17,"[0, 1]",72.949999999998,"[9, 9]","[0, 0]","[0, 0]",9
18,"[0, 1]",73.14999999999799,"[17, 17]","[0, 0]","[0, 0]",9
19,"[0, 1]",73.39999999999797,"[18, 18]","[0, 0]","[0, 0]",9
20,"[0, 1]",73.84999999999795,"[19, 19]","[0, 0]","[0, 0]",9
21,"[2, 3]",89.04999999999708,"[16, 16]","[8.79999999999999, 0]","[0, 0]",9
22,"[2, 3]",91.24999999999696,"[21, 21]","[6.449999999999985, 0]","[0, 0]",9
23,"[2, 3]",93.59999999999683,"[22, 22]","[4.749999999999991, 0]","[0, 0]",9
24,"[2, 3]",95.8999999999967,"[23, 23]","[3.1999999999999966, 0]","[0, 0]",9
25,"[0, 1]",74.54999999999791,"[20, 20]","[0, 0]","[0, 0]",9
26,"[0, 1]",75.49999999999785,"[25, 25]","[0, 0]","[0, 0]",9
27,"[2, 3]",98.19999999999656,"[24, 24]","[1.7000000000000008, 0]","[0, 0]",9
28,"[2, 3]",100.44999999999644,"[27, 27]","[0, 0]","[0, 0]",9
29,"[0, 1]",76.59999999999779,"[26, 26]","[0, 0]","[0, 0]",9
30,"[0, 1]",77.74999999999773,"[29, 29]","[0, 0]","[0, 0]",9
31,"[0, 1]",78.74999999999767,"[30, 30]","[0, 0]","[0, 0]",9
32,"[0, 1]",79.74999999999761,"[31, 31]","[0, 0]","[0, 0]",9
33,"[2, 3]",102.69999999999631,"[28, 28]","[0, 0]","[0, 0]",9
34,"[0, 1]",80.84999999999755,"[32, 32]","[0, 0]","[0, 0]",9
35,"[0, 1]",81.89999999999749,"[34, 34]","[0, 0]","[0, 0]",9
36,"[2, 3]",105.04999999999617,"[33, 33]","[0, 0]","[0, 0]",9
37,"[2, 3]",107.29999999999605,"[36, 36]","[0, 0]","[0, 0]",9
38,"[0, 1]",82.89999999999743,"[35, 35]","[0, 0]","[0, 0]",9
39,"[0, 1]",83.94999999999737,"[38, 38]","[0, 0]","[0, 0]",9
40,"[0, 1]",84.99999999999731,"[39, 39]","[0, 0]","[0, 0]",9
41,"[0, 1]",86.04999999999725,"[40, 40]","[0, 0]","[0, 0]",9
42,"[0, 1]",87.0999999999972,"[41, 41]","[0, 0]","[0, 0]",9
43,"[0, 1]",88.14999999999714,"[42, 42]","[0, 0]","[0, 0]",9
44,"[0, 1]",89.24999999999707,"[43, 43]","[0, 0]","[0, 0]",9
45,"[0, 1]",90.19999999999702,"[44, 44]","[0, 0]","[0, 0]",9
46,"[0, 1]",91.19999999999696,"[45, 45]","[0, 0]","[0, 0]",9
47,"[0, 1]",92.2499999999969,"[46, 46]","[0, 0]","[0, 0]",9
48,"[2, 3]",109.59999999999592,"[37, 37]","[0, 0]","[0, 0]",9
49,"[0, 1]",93.24999999999685,"[47, 47]","[0, 0]","[0, 0]",9
50,"[0, 1]",94.24999999999679,"[49, 49]","[0, 0]","[0, 0]",9
51,"[0, 1]",95.29999999999673,"[50, 50]","[0, 0]","[0, 0]",9
52,"[0, 1]",96.29999999999667,"[51, 51]","[0, 0]","[0, 0]",9
53,"[0, 1]",97.29999999999661,"[52, 52]","[0, 0]","[0, 0]",9
54,"[2, 3]",111.89999999999579,"[48, 48]","[0, 0]","[0, 0]",9
55,"[0, 1]",98.29999999999656,"[53, 53]","[0, 0]","[0, 0]",9
56,"[0, 1]",99.2999999999965,"[55, 55]","[0, 0]","[0, 0]",9
57,"[2, 3]",114.19999999999565,"[54, 54]","[0, 0]","[0, 0]",9
58,"[2, 3]",116.49999999999552,"[57, 57]","[0, 0]","[0, 0]",9
59,"[0, 1]",100.34999999999644,"[56, 56]","[0, 0]","[0, 0]",9
60,"[0, 1]",101.39999999999638,"[59, 59]","[0, 0]","[0, 0]",9
61,"[2, 3]",118.79999999999539,"[58, 58]","[0, 0]","[0, 0]",9
62,"[0, 1]",102.44999999999632,"[60, 60]","[0, 0]","[0, 0]",9
63,"[2, 3]",121.09999999999526,"[61, 61]","[0, 0]","[0, 0]",9
64,"[0, 1]",103.44999999999627,"[62, 62]","[0, 0]","[0, 0]",9
65,"[2, 3]",123.34999999999513,"[63, 63]","[0, 0]","[0, 0]",9
66,"[2, 3]",125.649999999995,"[65, 65]","[0, 0]","[0, 0]",9
67,"[0, 1]",104.4999999999962,"[64, 64]","[0, 0]","[0, 0]",9
68,"[0, 1]",105.49999999999615,"[67, 67]","[0, 0]","[0, 0]",9
69,"[2, 3]",127.94999999999487,"[66, 66]","[0, 0]","[0, 0]",9
70,"[2, 3]",130.24999999999537,"[69, 69]","[0, 0]","[0, 0]",9
71,"[2, 3]",132.5999999999959,"[70, 70]","[0, 0]","[0, 0]",9
72,"[0, 1]",106.49999999999609,"[68, 68]","[0, 0]","[0, 0]",9
73,"[2, 3]",134.8499999999964,"[71, 71]","[0, 0]","[0, 0]",9
74,"[2, 3]",137.24999999999696,"[73, 73]","[0, 0]","[0, 0]",9
75,"[2, 3]",139.49999999999747,"[74, 74]","[0, 0]","[0, 0]",9
76,"[0, 1]",107.49999999999604,"[72, 72]","[0, 0]","[0, 0]",9
77,"[2, 3]",141.799999999998,"[75, 75]","[0, 0]","[0, 0]",9
78,"[0, 1]",108.54999999999598,"[76, 76]","[0, 0]","[0, 0]",9
79,"[0, 1]",109.54999999999592,"[78, 78]","[0, 0]","[0, 0]",9
0,"[2, 3]",67.7499999999983,"[-999, -999]","[0, 0]","[0, 0]",10
1,"[0, 1]",67.39999999999831,"[-999, -999]","[0, 0]","[0, 0]",10
2,"[2, 3]",70.79999999999812,"[0, 0]","[0, 0]","[0, 0]",10
3,"[2, 3]",72.74999999999801,"[2, 2]","[0, 0]","[0, 0]",10
4,"[2, 3]",74.29999999999792,"[3, 3]","[0, 0]","[0, 0]",10
5,"[2, 3]",75.69999999999784,"[4, 4]","[0, 0]","[0, 0]",10
6,"[0, 1]",68.74999999999824,"[1, 1]","[0, 0]","[0, 0]",10
7,"[0, 1]",70.74999999999812,"[6, 6]","[0, 0]","[0, 0]",10
8,"[2, 3]",76.99999999999777,"[5, 5]","[0, 0]","[0, 0]",10
9,"[2, 3]",78.1499999999977,"[8, 8]","[0, 0]","[0, 0]",10
10,"[2, 3]",79.29999999999764,"[9, 9]","[0, 0]","[0, 0]",10
11,"[2, 3]",80.59999999999756,"[10, 10]","[0, 0]","[0, 0]",10
12,"[2, 3]",82.34999999999746,"[11, 11]","[0, 0]","[0, 0]",10
13,"[0, 1]",71.64999999999807,"[7, 7]","[0, 0]","[0, 0]",10
14,"[0, 1]",72.29999999999804,"[13, 13]","[0, 0]","[0, 0]",10
15,"[2, 3]",84.49999999999734,"[12, 12]","[0, 0]","[0, 0]",10
16,"[2, 3]",86.74999999999721,"[15, 15]","[6.149999999999986, 0]","[0, 0]",10
17,"[0, 1]",72.64999999999802,"[14, 14]","[0, 0]","[0, 0]",10
18,"[0, 1]",73.049999999998,"[17, 17]","[0, 0]","[0, 0]",10
19,"[2, 3]",88.99999999999709,"[16, 16]","[8.84999999999999, 0]","[0, 0]",10
20,"[2, 3]",91.29999999999696,"[19, 19]","[6.499999999999985, 0]","[0, 0]",10
21,"[0, 1]",73.24999999999798,"[18, 18]","[0, 0]","[0, 0]",10
22,"[2, 3]",93.64999999999682,"[20, 20]","[4.749999999999991, 0]","[0, 0]",10
23,"[2, 3]",95.94999999999669,"[22, 22]","[3.2499999999999964, 0]","[0, 0]",10
24,"[0, 1]",73.59999999999796,"[21, 21]","[0, 0]","[0, 0]",10
25,"[2, 3]",98.29999999999656,"[23, 23]","[1.7500000000000009, 0]","[0, 0]",10
26,"[2, 3]",100.59999999999643,"[25, 25]","[0, 0]","[0, 0]",10
27,"[0, 1]",74.19999999999793,"[24, 24]","[0, 0]","[0, 0]",10
28,"[0, 1]",75.04999999999788,"[27, 27]","[0, 0]","[0, 0]",10
29,"[0, 1]",76.09999999999782,"[28, 28]","[0, 0]","[0, 0]",10
30,"[2, 3]",102.8499999999963,"[26, 26]","[0, 0]","[0, 0]",10
31,"[0, 1]",77.14999999999776,"[29, 29]","[0, 0]","[0, 0]",10
32,"[0, 1]",78.2499999999977,"[31, 31]","[0, 0]","[0, 0]",10
33,"[0, 1]",79.24999999999764,"[32, 32]","[0, 0]","[0, 0]",10
34,"[0, 1]",80.24999999999758,"[33, 33]","[0, 0]","[0, 0]",10
35,"[2, 3]",105.19999999999617,"[30, 30]","[0, 0]","[0, 0]",10
36,"[2, 3]",107.49999999999604,"[35, 35]","[0, 0]","[0, 0]",10
37,"[0, 1]",81.34999999999752,"[34, 34]","[0, 0]","[0, 0]",10
38,"[2, 3]",109.7999999999959,"[36, 36]","[0, 0]","[0, 0]",10
39,"[0, 1]",82.44999999999746,"[37, 37]","[0, 0]","[0, 0]",10
40,"[2, 3]",112.09999999999577,"[38, 38]","[0, 0]","[0, 0]",10
41,"[2, 3]",114.39999999999564,"[40, 40]","[0, 0]","[0, 0]",10
42,"[0, 1]",83.3999999999974,"[39, 39]","[0, 0]","[0, 0]",10
43,"[0, 1]",84.44999999999735,"[42, 42]","[0, 0]","[0, 0]",10
44,"[2, 3]",116.69999999999551,"[41, 41]","[0, 0]","[0, 0]",10
45,"[0, 1]",85.49999999999729,"[43, 43]","[0, 0]","[0, 0]",10
46,"[2, 3]",118.94999999999538,"[44, 44]","[0, 0]","[0, 0]",10
47,"[2, 3]",121.34999999999525,"[46, 46]","[0, 0]","[0, 0]",10
48,"[0, 1]",86.54999999999723,"[45, 45]","[0, 0]","[0, 0]",10
49,"[2, 3]",123.59999999999512,"[47, 47]","[0, 0]","[0, 0]",10
50,"[0, 1]",87.49999999999717,"[48, 48]","[0, 0]","[0, 0]",10
51,"[0, 1]",88.49999999999712,"[50, 50]","[0, 0]","[0, 0]",10
52,"[0, 1]",89.54999999999706,"[51, 51]","[0, 0]","[0, 0]",10
53,"[0, 1]",90.599999999997,"[52, 52]","[0, 0]","[0, 0]",10
54,"[0, 1]",91.64999999999694,"[53, 53]","[0, 0]","[0, 0]",10
55,"[2, 3]",125.84999999999499,"[49, 49]","[0, 0]","[0, 0]",10
56,"[0, 1]",92.69999999999688,"[54, 54]","[0, 0]","[0, 0]",10
57,"[2, 3]",128.2499999999949,"[55, 55]","[0, 0]","[0, 0]",10
58,"[0, 1]",93.69999999999682,"[56, 56]","[0, 0]","[0, 0]",10
59,"[0, 1]",94.74999999999676,"[58, 58]","[0, 0]","[0, 0]",10
60,"[0, 1]",95.7499999999967,"[59, 59]","[0, 0]","[0, 0]",10
61,"[0, 1]",96.79999999999664,"[60, 60]","[0, 0]","[0, 0]",10
62,"[2, 3]",130.49999999999542,"[57, 57]","[0, 0]","[0, 0]",10
63,"[0, 1]",97.84999999999658,"[61, 61]","[0, 0]","[0, 0]",10
64,"[0, 1]",98.89999999999652,"[63, 63]","[0, 0]","[0, 0]",10
65,"[2, 3]",132.79999999999595,"[62, 62]","[0, 0]","[0, 0]",10
66,"[2, 3]",135.14999999999648,"[65, 65]","[0, 0]","[0, 0]",10
67,"[2, 3]",137.49999999999702,"[66, 66]","[0, 0]","[0, 0]",10
68,"[2, 3]",139.74999999999753,"[67, 67]","[0, 0]","[0, 0]",10
69,"[0, 1]",99.89999999999647,"[64, 64]","[0, 0]","[0, 0]",10
70,"[0, 1]",100.9999999999964,"[69, 69]","[0, 0]","[0, 0]",10
71,"[0, 1]",102.04999999999634,"[70, 70]","[0, 0]","[0, 0]",10
72,"[2, 3]",142.04999999999805,"[68, 68]","[0, 0]","[0, 0]",10
73,"[0, 1]",103.09999999999629,"[71, 71]","[0, 0]","[0, 0]",10
74,"[2, 3]",144.39999999999858,"[72, 72]","[0, 0]","[0, 0]",10
75,"[2, 3]",146.6999999999991,"[74, 74]","[0, 0]","[0, 0]",10
76,"[0, 1]",104.04999999999623,"[73, 73]","[0, 0]","[0, 0]",10
77,"[0, 1]",105.09999999999617,"[76, 76]","[0, 0]","[0, 0]",10
78,"[2, 3]",149.04999999999964,"[75, 75]","[0, 0]","[0, 0]",10
79,"[2, 3]",151.30000000000015,"[78, 78]","[0, 0]","[0, 0]",10
0,"[2, 3]",67.7499999999983,"[-999, -999]","[0, 0]","[0, 0]",11
1,"[2, 3]",70.84999999999812,"[0, 0]","[0, 0]","[0, 0]",11
2,"[0, 1]",67.39999999999831,"[-999, -999]","[0, 0]","[0, 0]",11
3,"[0, 1]",70.09999999999816,"[2, 2]","[0, 0]","[0, 0]",11
4,"[2, 3]",72.69999999999801,"[1, 1]","[0, 0]","[0, 0]",11
5,"[0, 1]",71.2999999999981,"[3, 3]","[0, 0]","[0, 0]",11
6,"[2, 3]",74.29999999999792,"[4, 4]","[0, 0]","[0, 0]",11
7,"[0, 1]",72.04999999999805,"[5, 5]","[0, 0]","[0, 0]",11
8,"[0, 1]",72.49999999999802,"[7, 7]","[0, 0]","[0, 0]",11
9,"[0, 1]",72.949999999998,"[8, 8]","[0, 0]","[0, 0]",11
10,"[0, 1]",73.14999999999799,"[9, 9]","[0, 0]","[0, 0]",11
11,"[0, 1]",73.39999999999797,"[10, 10]","[0, 0]","[0, 0]",11
12,"[0, 1]",73.89999999999795,"[11, 11]","[0, 0]","[0, 0]",11
13,"[2, 3]",75.69999999999784,"[6, 6]","[0, 0]","[0, 0]",11
14,"[2, 3]",76.99999999999777,"[13, 13]","[0, 0]","[0, 0]",11
15,"[0, 1]",74.54999999999791,"[12, 12]","[0, 0]","[0, 0]",11
16,"[2, 3]",78.1999999999977,"[14, 14]","[0, 0]","[0, 0]",11
17,"[2, 3]",79.34999999999764,"[16, 16]","[0, 0]","[0, 0]",11
18,"[0, 1]",75.49999999999785,"[15, 15]","[0, 0]","[0, 0]",11
19,"[0, 1]",76.59999999999779,"[18, 18]","[0, 0]","[0, 0]",11
20,"[2, 3]",80.59999999999756,"[17, 17]","[0, 0]","[0, 0]",11
21,"[0, 1]",77.69999999999773,"[19, 19]","[0, 0]","[0, 0]",11
22,"[0, 1]",78.74999999999767,"[21, 21]","[0, 0]","[0, 0]",11
23,"[0, 1]",79.74999999999761,"[22, 22]","[0, 0]","[0, 0]",11
24,"[2, 3]",82.34999999999746,"[20, 20]","[0, 0]","[0, 0]",11
25,"[2, 3]",84.44999999999735,"[24, 24]","[0, 0]","[0, 0]",11
26,"[2, 3]",86.74999999999721,"[25, 25]","[6.149999999999986, 0]","[0, 0]",11
27,"[0, 1]",80.79999999999755,"[23, 23]","[0, 0]","[0, 0]",11
28,"[0, 1]",81.89999999999749,"[27, 27]","[0, 0]","[0, 0]",11
29,"[2, 3]",88.99999999999709,"[26, 26]","[8.84999999999999, 0]","[0, 0]",11
30,"[0, 1]",82.89999999999743,"[28, 28]","[0, 0]","[0, 0]",11
31,"[2, 3]",91.29999999999696,"[29, 29]","[6.499999999999985, 0]","[0, 0]",11
32,"[2, 3]",93.64999999999682,"[31, 31]","[4.749999999999991, 0]","[0, 0]",11
33,"[0, 1]",83.89999999999738,"[30, 30]","[0, 0]","[0, 0]",11
34,"[0, 1]",84.94999999999732,"[33, 33]","[0, 0]","[0, 0]",11
35,"[0, 1]",85.94999999999726,"[34, 34]","[0, 0]","[0, 0]",11
36,"[2, 3]",95.94999999999669,"[32, 32]","[3.2499999999999964, 0]","[0, 0]",11
37,"[2, 3]",98.19999999999656,"[36, 36]","[1.7500000000000009, 0]","[0, 0]",11
38,"[0, 1]",86.9999999999972,"[35, 35]","[0, 0]","[0, 0]",11
39,"[2, 3]",100.49999999999643,"[37, 37]","[0, 0]","[0, 0]",11
40,"[0, 1]",87.99999999999714,"[38, 38]","[0, 0]","[0, 0]",11
41,"[2, 3]",102.7499999999963,"[39, 39]","[0, 0]","[0, 0]",11
42,"[2, 3]",105.14999999999617,"[41, 41]","[0, 0]","[0, 0]",11
43,"[2, 3]",107.39999999999604,"[42, 42]","[0, 0]","[0, 0]",11
44,"[2, 3]",109.74999999999591,"[43, 43]","[0, 0]","[0, 0]",11
45,"[0, 1]",89.09999999999708,"[40, 40]","[0, 0]","[0, 0]",11
46,"[2, 3]",111.99999999999578,"[44, 44]","[0, 0]","[0, 0]",11
47,"[0, 1]",90.09999999999702,"[45, 45]","[0, 0]","[0, 0]",11
48,"[2, 3]",114.29999999999565,"[46, 46]","[0, 0]","[0, 0]",11
49,"[0, 1]",91.14999999999696,"[47, 47]","[0, 0]","[0, 0]",11
50,"[2, 3]",116.64999999999552,"[48, 48]","[0, 0]","[0, 0]",11
51,"[2, 3]",118.89999999999539,"[50, 50]","[0, 0]","[0, 0]",11
52,"[0, 1]",92.1999999999969,"[49, 49]","[0, 0]","[0, 0]",11
53,"[0, 1]",93.29999999999684,"[52, 52]","[0, 0]","[0, 0]",11
54,"[2, 3]",121.19999999999526,"[51, 51]","[0, 0]","[0, 0]",11
55,"[2, 3]",123.54999999999512,"[54, 54]","[0, 0]","[0, 0]",11
56,"[0, 1]",94.24999999999679,"[53, 53]","[0, 0]","[0, 0]",11
57,"[2, 3]",125.799999999995,"[55, 55]","[0, 0]","[0, 0]",11
58,"[0, 1]",95.24999999999673,"[56, 56]","[0, 0]","[0, 0]",11
59,"[0, 1]",96.24999999999667,"[58, 58]","[0, 0]","[0, 0]",11
60,"[0, 1]",97.29999999999661,"[59, 59]","[0, 0]","[0, 0]",11
61,"[2, 3]",128.09999999999488,"[57, 57]","[0, 0]","[0, 0]",11
62,"[0, 1]",98.34999999999656,"[60, 60]","[0, 0]","[0, 0]",11
63,"[0, 1]",99.3999999999965,"[62, 62]","[0, 0]","[0, 0]",11
64,"[0, 1]",100.49999999999643,"[63, 63]","[0, 0]","[0, 0]",11
65,"[0, 1]",101.44999999999638,"[64, 64]","[0, 0]","[0, 0]",11
66,"[2, 3]",130.3999999999954,"[61, 61]","[0, 0]","[0, 0]",11
67,"[0, 1]",102.49999999999632,"[65, 65]","[0, 0]","[0, 0]",11
68,"[2, 3]",132.74999999999594,"[66, 66]","[0, 0]","[0, 0]",11
69,"[0, 1]",103.49999999999626,"[67, 67]","[0, 0]","[0, 0]",11
70,"[0, 1]",104.5999999999962,"[69, 69]","[0, 0]","[0, 0]",11
71,"[2, 3]",134.99999999999645,"[68, 68]","[0, 0]","[0, 0]",11
72,"[2, 3]",137.29999999999697,"[71, 71]","[0, 0]","[0, 0]",11
73,"[0, 1]",105.64999999999614,"[70, 70]","[0, 0]","[0, 0]",11
74,"[0, 1]",106.69999999999608,"[73, 73]","[0, 0]","[0, 0]",11
75,"[0, 1]",107.74999999999602,"[74, 74]","[0, 0]","[0, 0]",11
76,"[2, 3]",139.54999999999748,"[72, 72]","[0, 0]","[0, 0]",11
77,"[0, 1]",108.79999999999596,"[75, 75]","[0, 0]","[0, 0]",11
78,"[0, 1]",109.7999999999959,"[77, 77]","[0, 0]","[0, 0]",11
79,"[2, 3]",141.849999999998,"[76, 76]","[0, 0]","[0, 0]",11
0,"[0, 1]",67.39999999999831,"[-999, -999]","[0, 0]","[0, 0]",12
1,"[0, 1]",70.09999999999816,"[0, 0]","[0, 0]","[0, 0]",12
2,"[0, 1]",71.2999999999981,"[1, 1]","[0, 0]","[0, 0]",12
3,"[2, 3]",67.7499999999983,"[-999, -999]","[0, 0]","[0, 0]",12
4,"[0, 1]",72.04999999999805,"[2, 2]","[0, 0]","[0, 0]",12
5,"[0, 1]",72.49999999999802,"[4, 4]","[0, 0]","[0, 0]",12
6,"[0, 1]",72.949999999998,"[5, 5]","[0, 0]","[0, 0]",12
7,"[0, 1]",73.14999999999799,"[6, 6]","[0, 0]","[0, 0]",12
8,"[0, 1]",73.39999999999797,"[7, 7]","[0, 0]","[0, 0]",12
9,"[2, 3]",69.19999999999821,"[3, 3]","[0, 0]","[0, 0]",12
10,"[2, 3]",71.84999999999806,"[9, 9]","[0, 0]","[0, 0]",12
11,"[0, 1]",73.89999999999795,"[8, 8]","[0, 0]","[0, 0]",12
12,"[2, 3]",73.59999999999796,"[10, 10]","[0, 0]","[0, 0]",12
13,"[2, 3]",75.09999999999788,"[12, 12]","[0, 0]","[0, 0]",12
14,"[2, 3]",76.4999999999978,"[13, 13]","[0, 0]","[0, 0]",12
15,"[0, 1]",74.54999999999791,"[11, 11]","[0, 0]","[0, 0]",12
16,"[0, 1]",75.49999999999785,"[15, 15]","[0, 0]","[0, 0]",12
17,"[0, 1]",76.59999999999779,"[16, 16]","[0, 0]","[0, 0]",12
18,"[0, 1]",77.69999999999773,"[17, 17]","[0, 0]","[0, 0]",12
19,"[0, 1]",78.74999999999767,"[18, 18]","[0, 0]","[0, 0]",12
20,"[2, 3]",77.74999999999773,"[14, 14]","[0, 0]","[0, 0]",12
21,"[0, 1]",79.74999999999761,"[19, 19]","[0, 0]","[0, 0]",12
22,"[2, 3]",78.89999999999766,"[20, 20]","[0, 0]","[0, 0]",12
23,"[0, 1]",80.79999999999755,"[21, 21]","[0, 0]","[0, 0]",12
24,"[2, 3]",80.19999999999759,"[22, 22]","[0, 0]","[0, 0]",12
25,"[0, 1]",81.89999999999749,"[23, 23]","[0, 0]","[0, 0]",12
26,"[2, 3]",81.7499999999975,"[24, 24]","[0, 0]","[0, 0]",12
27,"[0, 1]",82.89999999999743,"[25, 25]","[0, 0]","[0, 0]",12
28,"[0, 1]",83.89999999999738,"[27, 27]","[0, 0]","[0, 0]",12
29,"[0, 1]",84.94999999999732,"[28, 28]","[0, 0]","[0, 0]",12
30,"[0, 1]",85.94999999999726,"[29, 29]","[0, 0]","[0, 0]",12
31,"[2, 3]",83.79999999999738,"[26, 26]","[0, 0]","[0, 0]",12
32,"[2, 3]",86.04999999999725,"[31, 31]","[0, 0]","[0, 0]",12
33,"[2, 3]",88.34999999999712,"[32, 32]","[8.249999999999982, 0]","[0, 0]",12
34,"[2, 3]",90.69999999999699,"[33, 33]","[5.999999999999987, 0]","[0, 0]",12
35,"[0, 1]",86.9999999999972,"[30, 30]","[0, 0]","[0, 0]",12
36,"[0, 1]",88.04999999999714,"[35, 35]","[0, 0]","[0, 0]",12
37,"[0, 1]",89.09999999999708,"[36, 36]","[0, 0]","[0, 0]",12
38,"[2, 3]",92.94999999999686,"[34, 34]","[4.249999999999993, 0]","[0, 0]",12
39,"[0, 1]",90.09999999999702,"[37, 37]","[0, 0]","[0, 0]",12
40,"[0, 1]",91.14999999999696,"[39, 39]","[0, 0]","[0, 0]",12
41,"[2, 3]",95.19999999999673,"[38, 38]","[2.7499999999999982, 0]","[0, 0]",12
42,"[2, 3]",97.5499999999966,"[41, 41]","[1.4000000000000006, 0]","[0, 0]",12
43,"[0, 1]",92.1999999999969,"[40, 40]","[0, 0]","[0, 0]",12
44,"[0, 1]",93.24999999999685,"[43, 43]","[0, 0]","[0, 0]",12
45,"[2, 3]",99.84999999999647,"[42, 42]","[0, 0]","[0, 0]",12
46,"[2, 3]",102.19999999999634,"[45, 45]","[0, 0]","[0, 0]",12
47,"[0, 1]",94.24999999999679,"[44, 44]","[0, 0]","[0, 0]",12
48,"[2, 3]",104.44999999999621,"[46, 46]","[0, 0]","[0, 0]",12
49,"[0, 1]",95.24999999999673,"[47, 47]","[0, 0]","[0, 0]",12
50,"[2, 3]",106.74999999999608,"[48, 48]","[0, 0]","[0, 0]",12
51,"[2, 3]",109.04999999999595,"[50, 50]","[0, 0]","[0, 0]",12
52,"[0, 1]",96.24999999999667,"[49, 49]","[0, 0]","[0, 0]",12
53,"[0, 1]",97.29999999999661,"[52, 52]","[0, 0]","[0, 0]",12
54,"[0, 1]",98.34999999999656,"[53, 53]","[0, 0]","[0, 0]",12
55,"[0, 1]",99.3999999999965,"[54, 54]","[0, 0]","[0, 0]",12
56,"[0, 1]",100.49999999999643,"[55, 55]","[0, 0]","[0, 0]",12
57,"[2, 3]",111.39999999999581,"[51, 51]","[0, 0]","[0, 0]",12
58,"[0, 1]",101.44999999999638,"[56, 56]","[0, 0]","[0, 0]",12
59,"[2, 3]",113.69999999999568,"[57, 57]","[0, 0]","[0, 0]",12
60,"[0, 1]",102.44999999999632,"[58, 58]","[0, 0]","[0, 0]",12
61,"[2, 3]",115.99999999999555,"[59, 59]","[0, 0]","[0, 0]",12
62,"[0, 1]",103.49999999999626,"[60, 60]","[0, 0]","[0, 0]",12
63,"[0, 1]",104.5999999999962,"[62, 62]","[0, 0]","[0, 0]",12
64,"[0, 1]",105.64999999999614,"[63, 63]","[0, 0]","[0, 0]",12
65,"[0, 1]",106.69999999999608,"[64, 64]","[0, 0]","[0, 0]",12
66,"[0, 1]",107.74999999999602,"[65, 65]","[0, 0]","[0, 0]",12
67,"[2, 3]",118.29999999999542,"[61, 61]","[0, 0]","[0, 0]",12
68,"[2, 3]",120.59999999999529,"[67, 67]","[0, 0]","[0, 0]",12
69,"[0, 1]",108.84999999999596,"[66, 66]","[0, 0]","[0, 0]",12
70,"[2, 3]",122.89999999999516,"[68, 68]","[0, 0]","[0, 0]",12
71,"[0, 1]",109.8499999999959,"[69, 69]","[0, 0]","[0, 0]",12
72,"[2, 3]",125.24999999999503,"[70, 70]","[0, 0]","[0, 0]",12
73,"[0, 1]",110.84999999999584,"[71, 71]","[0, 0]","[0, 0]",12
74,"[0, 1]",111.89999999999579,"[73, 73]","[0, 0]","[0, 0]",12
75,"[0, 1]",112.89999999999573,"[74, 74]","[0, 0]","[0, 0]",12
76,"[0, 1]",113.94999999999567,"[75, 75]","[0, 0]","[0, 0]",12
77,"[0, 1]",114.99999999999561,"[76, 76]","[0, 0]","[0, 0]",12
78,"[2, 3]",127.5499999999949,"[72, 72]","[0, 0]","[0, 0]",12
79,"[0, 1]",116.04999999999555,"[77, 77]","[0, 0]","[0, 0]",12
0,"[2, 3]",67.7499999999983,"[-999, -999]","[0, 0]","[0, 0]",13
1,"[0, 1]",67.39999999999831,"[-999, -999]","[0, 0]","[0, 0]",13
2,"[2, 3]",70.79999999999812,"[0, 0]","[0, 0]","[0, 0]",13
3,"[0, 1]",70.09999999999816,"[1, 1]","[0, 0]","[0, 0]",13
4,"[0, 1]",71.2999999999981,"[3, 3]","[0, 0]","[0, 0]",13
5,"[2, 3]",72.74999999999801,"[2, 2]","[0, 0]","[0, 0]",13
6,"[2, 3]",74.24999999999793,"[5, 5]","[0, 0]","[0, 0]",13
7,"[0, 1]",72.04999999999805,"[4, 4]","[0, 0]","[0, 0]",13
8,"[2, 3]",75.74999999999784,"[6, 6]","[0, 0]","[0, 0]",13
9,"[0, 1]",72.49999999999802,"[7, 7]","[0, 0]","[0, 0]",13
10,"[2, 3]",76.99999999999777,"[8, 8]","[0, 0]","[0, 0]",13
11,"[0, 1]",72.899999999998,"[9, 9]","[0, 0]","[0, 0]",13
12,"[0, 1]",73.14999999999799,"[11, 11]","[0, 0]","[0, 0]",13
13,"[2, 3]",78.1499999999977,"[10, 10]","[0, 0]","[0, 0]",13
14,"[2, 3]",79.29999999999764,"[13, 13]","[0, 0]","[0, 0]",13
15,"[0, 1]",73.39999999999797,"[12, 12]","[0, 0]","[0, 0]",13
16,"[2, 3]",80.54999999999757,"[14, 14]","[0, 0]","[0, 0]",13
17,"[2, 3]",82.29999999999747,"[16, 16]","[0, 0]","[0, 0]",13
18,"[0, 1]",73.84999999999795,"[15, 15]","[0, 0]","[0, 0]",13
19,"[2, 3]",84.44999999999735,"[17, 17]","[0, 0]","[0, 0]",13
20,"[0, 1]",74.54999999999791,"[18, 18]","[0, 0]","[0, 0]",13
21,"[2, 3]",86.64999999999722,"[19, 19]","[6.0499999999999865, 0]","[0, 0]",13
22,"[2, 3]",88.99999999999709,"[21, 21]","[8.79999999999999, 0]","[0, 0]",13
23,"[2, 3]",91.24999999999696,"[22, 22]","[6.449999999999985, 0]","[0, 0]",13
24,"[0, 1]",75.49999999999785,"[20, 20]","[0, 0]","[0, 0]",13
25,"[0, 1]",76.59999999999779,"[24, 24]","[0, 0]","[0, 0]",13
26,"[2, 3]",93.54999999999683,"[23, 23]","[4.699999999999991, 0]","[0, 0]",13
27,"[2, 3]",95.8499999999967,"[26, 26]","[3.1999999999999966, 0]","[0, 0]",13
28,"[2, 3]",98.14999999999657,"[27, 27]","[1.7000000000000008, 0]","[0, 0]",13
29,"[0, 1]",77.69999999999773,"[25, 25]","[0, 0]","[0, 0]",13
30,"[0, 1]",78.69999999999767,"[29, 29]","[0, 0]","[0, 0]",13
31,"[2, 3]",100.39999999999644,"[28, 28]","[0, 0]","[0, 0]",13
32,"[2, 3]",102.69999999999631,"[31, 31]","[0, 0]","[0, 0]",13
33,"[0, 1]",79.69999999999762,"[30, 30]","[0, 0]","[0, 0]",13
34,"[2, 3]",104.99999999999618,"[32, 32]","[0, 0]","[0, 0]",13
35,"[0, 1]",80.69999999999756,"[33, 33]","[0, 0]","[0, 0]",13
36,"[0, 1]",81.7499999999975,"[35, 35]","[0, 0]","[0, 0]",13
37,"[0, 1]",82.79999999999744,"[36, 36]","[0, 0]","[0, 0]",13
38,"[2, 3]",107.29999999999605,"[34, 34]","[0, 0]","[0, 0]",13
39,"[0, 1]",83.79999999999738,"[37, 37]","[0, 0]","[0, 0]",13
40,"[2, 3]",109.59999999999592,"[38, 38]","[0, 0]","[0, 0]",13
41,"[0, 1]",84.84999999999732,"[39, 39]","[0, 0]","[0, 0]",13
42,"[2, 3]",111.89999999999579,"[40, 40]","[0, 0]","[0, 0]",13
43,"[0, 1]",85.89999999999726,"[41, 41]","[0, 0]","[0, 0]",13
44,"[2, 3]",114.14999999999566,"[42, 42]","[0, 0]","[0, 0]",13
45,"[2, 3]",116.54999999999552,"[44, 44]","[0, 0]","[0, 0]",13
46,"[0, 1]",86.9499999999972,"[43, 43]","[0, 0]","[0, 0]",13
47,"[0, 1]",87.94999999999715,"[46, 46]","[0, 0]","[0, 0]",13
48,"[0, 1]",89.04999999999708,"[47, 47]","[0, 0]","[0, 0]",13
49,"[0, 1]",90.09999999999702,"[48, 48]","[0, 0]","[0, 0]",13
50,"[0, 1]",91.04999999999697,"[49, 49]","[0, 0]","[0, 0]",13
51,"[0, 1]",92.09999999999691,"[50, 50]","[0, 0]","[0, 0]",13
52,"[0, 1]",93.14999999999685,"[51, 51]","[0, 0]","[0, 0]",13
53,"[2, 3]",118.79999999999539,"[45, 45]","[0, 0]","[0, 0]",13
54,"[0, 1]",94.1499999999968,"[52, 52]","[0, 0]","[0, 0]",13
55,"[2, 3]",121.09999999999526,"[53, 53]","[0, 0]","[0, 0]",13
56,"[2, 3]",123.39999999999513,"[55, 55]","[0, 0]","[0, 0]",13
57,"[2, 3]",125.649999999995,"[56, 56]","[0, 0]","[0, 0]",13
58,"[2, 3]",127.99999999999487,"[57, 57]","[0, 0]","[0, 0]",13
59,"[0, 1]",95.14999999999674,"[54, 54]","[0, 0]","[0, 0]",13
60,"[2, 3]",130.29999999999538,"[58, 58]","[0, 0]","[0, 0]",13
61,"[2, 3]",132.6499999999959,"[60, 60]","[0, 0]","[0, 0]",13
62,"[2, 3]",134.94999999999644,"[61, 61]","[0, 0]","[0, 0]",13
63,"[0, 1]",96.14999999999668,"[59, 59]","[0, 0]","[0, 0]",13
64,"[0, 1]",97.19999999999662,"[63, 63]","[0, 0]","[0, 0]",13
65,"[0, 1]",98.24999999999656,"[64, 64]","[0, 0]","[0, 0]",13
66,"[0, 1]",99.2999999999965,"[65, 65]","[0, 0]","[0, 0]",13
67,"[2, 3]",137.24999999999696,"[62, 62]","[0, 0]","[0, 0]",13
68,"[0, 1]",100.24999999999645,"[66, 66]","[0, 0]","[0, 0]",13
69,"[2, 3]",139.54999999999748,"[67, 67]","[0, 0]","[0, 0]",13
70,"[2, 3]",141.849999999998,"[69, 69]","[0, 0]","[0, 0]",13
71,"[0, 1]",101.24999999999639,"[68, 68]","[0, 0]","[0, 0]",13
72,"[0, 1]",102.24999999999633,"[71, 71]","[0, 0]","[0, 0]",13
73,"[0, 1]",103.24999999999628,"[72, 72]","[0, 0]","[0, 0]",13
74,"[0, 1]",104.29999999999622,"[73, 73]","[0, 0]","[0, 0]",13
75,"[2, 3]",144.14999999999853,"[70, 70]","[0, 0]","[0, 0]",13
76,"[0, 1]",105.29999999999616,"[74, 74]","[0, 0]","[0, 0]",13
77,"[0, 1]",106.2999999999961,"[76, 76]","[0, 0]","[0, 0]",13
78,"[0, 1]",107.29999999999605,"[77, 77]","[0, 0]","[0, 0]",13
79,"[2, 3]",146.44999999999905,"[75, 75]","[0, 0]","[0, 0]",13
0,"[0, 1]",67.39999999999831,"[-999, -999]","[0, 0]","[0, 0]",14
1,"[0, 1]",70.09999999999816,"[0, 0]","[0, 0]","[0, 0]",14
2,"[2, 3]",67.7499999999983,"[-999, -999]","[0, 0]","[0, 0]",14
3,"[0, 1]",71.2999999999981,"[1, 1]","[0, 0]","[0, 0]",14
4,"[0, 1]",72.04999999999805,"[3, 3]","[0, 0]","[0, 0]",14
5,"[2, 3]",70.84999999999812,"[2, 2]","[0, 0]","[0, 0]",14
6,"[0, 1]",72.49999999999802,"[4, 4]","[0, 0]","[0, 0]",14
7,"[0, 1]",72.949999999998,"[6, 6]","[0, 0]","[0, 0]",14
8,"[0, 1]",73.14999999999799,"[7, 7]","[0, 0]","[0, 0]",14
9,"[0, 1]",73.39999999999797,"[8, 8]","[0, 0]","[0, 0]",14
10,"[0, 1]",73.84999999999795,"[9, 9]","[0, 0]","[0, 0]",14
11,"[2, 3]",70.39999999999814,"[5, 5]","[0, 0]","[0, 0]",14
12,"[0, 1]",74.54999999999791,"[10, 10]","[0, 0]","[0, 0]",14
13,"[2, 3]",72.49999999999802,"[11, 11]","[0, 0]","[0, 0]",14
14,"[0, 1]",75.49999999999785,"[12, 12]","[0, 0]","[0, 0]",14
15,"[2, 3]",74.04999999999794,"[13, 13]","[0, 0]","[0, 0]",14
16,"[0, 1]",76.59999999999779,"[14, 14]","[0, 0]","[0, 0]",14
17,"[0, 1]",77.69999999999773,"[16, 16]","[0, 0]","[0, 0]",14
18,"[2, 3]",75.39999999999786,"[15, 15]","[0, 0]","[0, 0]",14
19,"[2, 3]",76.69999999999779,"[18, 18]","[0, 0]","[0, 0]",14
20,"[2, 3]",77.99999999999771,"[19, 19]","[0, 0]","[0, 0]",14
21,"[2, 3]",79.04999999999765,"[20, 20]","[0, 0]","[0, 0]",14
22,"[2, 3]",80.24999999999758,"[21, 21]","[0, 0]","[0, 0]",14
23,"[2, 3]",81.94999999999749,"[22, 22]","[0, 0]","[0, 0]",14
24,"[2, 3]",84.04999999999737,"[23, 23]","[0, 0]","[0, 0]",14
25,"[0, 1]",78.69999999999767,"[17, 17]","[0, 0]","[0, 0]",14
26,"[0, 1]",79.69999999999762,"[25, 25]","[0, 0]","[0, 0]",14
27,"[2, 3]",86.24999999999724,"[24, 24]","[0, 0]","[0, 0]",14
28,"[0, 1]",80.69999999999756,"[26, 26]","[0, 0]","[0, 0]",14
29,"[2, 3]",88.49999999999712,"[27, 27]","[8.449999999999985, 0]","[0, 0]",14
30,"[2, 3]",90.84999999999698,"[29, 29]","[6.149999999999986, 0]","[0, 0]",14
31,"[0, 1]",81.7499999999975,"[28, 28]","[0, 0]","[0, 0]",14
32,"[2, 3]",93.14999999999685,"[30, 30]","[4.399999999999992, 0]","[0, 0]",14
33,"[2, 3]",95.44999999999672,"[32, 32]","[2.8999999999999977, 0]","[0, 0]",14
34,"[2, 3]",97.79999999999659,"[33, 33]","[1.4000000000000006, 0]","[0, 0]",14
35,"[2, 3]",100.04999999999646,"[34, 34]","[0, 0]","[0, 0]",14
36,"[2, 3]",102.34999999999633,"[35, 35]","[0, 0]","[0, 0]",14
37,"[2, 3]",104.6999999999962,"[36, 36]","[0, 0]","[0, 0]",14
38,"[0, 1]",82.79999999999744,"[31, 31]","[0, 0]","[0, 0]",14
39,"[0, 1]",83.79999999999738,"[38, 38]","[0, 0]","[0, 0]",14
40,"[0, 1]",84.84999999999732,"[39, 39]","[0, 0]","[0, 0]",14
41,"[2, 3]",106.99999999999606,"[37, 37]","[0, 0]","[0, 0]",14
42,"[0, 1]",85.89999999999726,"[40, 40]","[0, 0]","[0, 0]",14
43,"[0, 1]",86.8999999999972,"[42, 42]","[0, 0]","[0, 0]",14
44,"[0, 1]",87.89999999999715,"[43, 43]","[0, 0]","[0, 0]",14
45,"[2, 3]",109.29999999999593,"[41, 41]","[0, 0]","[0, 0]",14
46,"[2, 3]",111.5999999999958,"[45, 45]","[0, 0]","[0, 0]",14
47,"[2, 3]",113.94999999999567,"[46, 46]","[0, 0]","[0, 0]",14
48,"[0, 1]",88.94999999999709,"[44, 44]","[0, 0]","[0, 0]",14
49,"[2, 3]",116.24999999999554,"[47, 47]","[0, 0]","[0, 0]",14
50,"[0, 1]",89.94999999999703,"[48, 48]","[0, 0]","[0, 0]",14
51,"[0, 1]",90.99999999999697,"[50, 50]","[0, 0]","[0, 0]",14
52,"[2, 3]",118.49999999999541,"[49, 49]","[0, 0]","[0, 0]",14
53,"[2, 3]",120.84999999999528,"[52, 52]","[0, 0]","[0, 0]",14
54,"[2, 3]",123.14999999999515,"[53, 53]","[0, 0]","[0, 0]",14
55,"[0, 1]",92.04999999999691,"[51, 51]","[0, 0]","[0, 0]",14
56,"[2, 3]",125.44999999999501,"[54, 54]","[0, 0]","[0, 0]",14
57,"[2, 3]",127.74999999999488,"[56, 56]","[0, 0]","[0, 0]",14
58,"[0, 1]",93.09999999999685,"[55, 55]","[0, 0]","[0, 0]",14
59,"[0, 1]",94.0999999999968,"[58, 58]","[0, 0]","[0, 0]",14
60,"[0, 1]",95.09999999999674,"[59, 59]","[0, 0]","[0, 0]",14
61,"[0, 1]",96.14999999999668,"[60, 60]","[0, 0]","[0, 0]",14
62,"[0, 1]",97.19999999999662,"[61, 61]","[0, 0]","[0, 0]",14
63,"[0, 1]",98.24999999999656,"[62, 62]","[0, 0]","[0, 0]",14
64,"[0, 1]",99.2999999999965,"[63, 63]","[0, 0]","[0, 0]",14
65,"[2, 3]",129.9999999999953,"[57, 57]","[0, 0]","[0, 0]",14
66,"[2, 3]",132.34999999999584,"[65, 65]","[0, 0]","[0, 0]",14
67,"[2, 3]",134.59999999999636,"[66, 66]","[0, 0]","[0, 0]",14
68,"[0, 1]",100.34999999999644,"[64, 64]","[0, 0]","[0, 0]",14
69,"[0, 1]",101.34999999999638,"[68, 68]","[0, 0]","[0, 0]",14
70,"[2, 3]",136.89999999999688,"[67, 67]","[0, 0]","[0, 0]",14
71,"[2, 3]",139.2499999999974,"[70, 70]","[0, 0]","[0, 0]",14
72,"[0, 1]",102.34999999999633,"[69, 69]","[0, 0]","[0, 0]",14
73,"[2, 3]",141.49999999999793,"[71, 71]","[0, 0]","[0, 0]",14
74,"[2, 3]",143.89999999999847,"[73, 73]","[0, 0]","[0, 0]",14
75,"[2, 3]",146.14999999999898,"[74, 74]","[0, 0]","[0, 0]",14
76,"[0, 1]",103.34999999999627,"[72, 72]","[0, 0]","[0, 0]",14
77,"[2, 3]",148.49999999999952,"[75, 75]","[0, 0]","[0, 0]",14
78,"[0, 1]",104.39999999999621,"[76, 76]","[0, 0]","[0, 0]",14
79,"[0, 1]",105.44999999999615,"[78, 78]","[0, 0]","[0, 0]",14
0,"[0, 1]",67.39999999999831,"[-999, -999]","[0, 0]","[0, 0]",15
1,"[0, 1]",70.09999999999816,"[0, 0]","[0, 0]","[0, 0]",15
2,"[2, 3]",67.7499999999983,"[-999, -999]","[0, 0]","[0, 0]",15
3,"[0, 1]",71.2999999999981,"[1, 1]","[0, 0]","[0, 0]",15
4,"[0, 1]",72.04999999999805,"[3, 3]","[0, 0]","[0, 0]",15
5,"[2, 3]",70.84999999999812,"[2, 2]","[0, 0]","[0, 0]",15
6,"[0, 1]",72.54999999999802,"[4, 4]","[0, 0]","[0, 0]",15
7,"[0, 1]",72.949999999998,"[6, 6]","[0, 0]","[0, 0]",15
8,"[0, 1]",73.14999999999799,"[7, 7]","[0, 0]","[0, 0]",15
9,"[0, 1]",73.39999999999797,"[8, 8]","[0, 0]","[0, 0]",15
10,"[2, 3]",71.2499999999981,"[5, 5]","[0, 0]","[0, 0]",15
11,"[0, 1]",73.89999999999795,"[9, 9]","[0, 0]","[0, 0]",15
12,"[2, 3]",73.14999999999799,"[10, 10]","[0, 0]","[0, 0]",15
13,"[0, 1]",74.54999999999791,"[11, 11]","[0, 0]","[0, 0]",15
14,"[2, 3]",74.5999999999979,"[12, 12]","[0, 0]","[0, 0]",15
15,"[0, 1]",75.49999999999785,"[13, 13]","[0, 0]","[0, 0]",15
16,"[0, 1]",76.59999999999779,"[15, 15]","[0, 0]","[0, 0]",15
17,"[0, 1]",77.69999999999773,"[16, 16]","[0, 0]","[0, 0]",15
18,"[0, 1]",78.74999999999767,"[17, 17]","[0, 0]","[0, 0]",15
19,"[0, 1]",79.74999999999761,"[18, 18]","[0, 0]","[0, 0]",15
20,"[2, 3]",75.94999999999783,"[14, 14]","[0, 0]","[0, 0]",15
21,"[2, 3]",77.29999999999775,"[20, 20]","[0, 0]","[0, 0]",15
22,"[2, 3]",78.44999999999769,"[21, 21]","[0, 0]","[0, 0]",15
23,"[0, 1]",80.79999999999755,"[19, 19]","[0, 0]","[0, 0]",15
24,"[0, 1]",81.89999999999749,"[23, 23]","[0, 0]","[0, 0]",15
25,"[0, 1]",82.89999999999743,"[24, 24]","[0, 0]","[0, 0]",15
26,"[0, 1]",83.94999999999737,"[25, 25]","[0, 0]","[0, 0]",15
27,"[2, 3]",79.54999999999762,"[22, 22]","[0, 0]","[0, 0]",15
28,"[0, 1]",84.94999999999732,"[26, 26]","[0, 0]","[0, 0]",15
29,"[2, 3]",80.84999999999755,"[27, 27]","[0, 0]","[0, 0]",15
30,"[0, 1]",85.94999999999726,"[28, 28]","[0, 0]","[0, 0]",15
31,"[2, 3]",82.64999999999745,"[29, 29]","[0, 0]","[0, 0]",15
32,"[0, 1]",86.9999999999972,"[30, 30]","[0, 0]","[0, 0]",15
33,"[0, 1]",87.99999999999714,"[32, 32]","[0, 0]","[0, 0]",15
34,"[0, 1]",89.09999999999708,"[33, 33]","[0, 0]","[0, 0]",15
35,"[0, 1]",90.14999999999702,"[34, 34]","[0, 0]","[0, 0]",15
36,"[2, 3]",84.84999999999732,"[31, 31]","[0, 0]","[0, 0]",15
37,"[0, 1]",91.14999999999696,"[35, 35]","[0, 0]","[0, 0]",15
38,"[2, 3]",86.9999999999972,"[36, 36]","[6.749999999999984, 0]","[0, 0]",15
39,"[0, 1]",92.14999999999691,"[37, 37]","[0, 0]","[0, 0]",15
40,"[0, 1]",93.24999999999685,"[39, 39]","[0, 0]","[0, 0]",15
41,"[0, 1]",94.24999999999679,"[40, 40]","[0, 0]","[0, 0]",15
42,"[2, 3]",89.34999999999707,"[38, 38]","[9.049999999999994, 0]","[0, 0]",15
43,"[2, 3]",91.59999999999694,"[42, 42]","[6.699999999999984, 0]","[0, 0]",15
44,"[0, 1]",95.24999999999673,"[41, 41]","[0, 0]","[0, 0]",15
45,"[2, 3]",93.89999999999681,"[43, 43]","[4.99999999999999, 0]","[0, 0]",15
46,"[0, 1]",96.29999999999667,"[44, 44]","[0, 0]","[0, 0]",15
47,"[2, 3]",96.19999999999668,"[45, 45]","[3.4499999999999957, 0]","[0, 0]",15
48,"[0, 1]",97.39999999999661,"[46, 46]","[0, 0]","[0, 0]",15
49,"[0, 1]",98.39999999999655,"[48, 48]","[0, 0]","[0, 0]",15
50,"[2, 3]",98.49999999999655,"[47, 47]","[1.950000000000001, 0]","[0, 0]",15
51,"[2, 3]",100.74999999999642,"[50, 50]","[0.25, 0]","[0, 0]",15
52,"[0, 1]",99.3999999999965,"[49, 49]","[0, 0]","[0, 0]",15
53,"[0, 1]",100.49999999999643,"[52, 52]","[0, 0]","[0, 0]",15
54,"[2, 3]",103.04999999999629,"[51, 51]","[0, 0]","[0, 0]",15
55,"[0, 1]",101.44999999999638,"[53, 53]","[0, 0]","[0, 0]",15
56,"[2, 3]",105.39999999999615,"[54, 54]","[0, 0]","[0, 0]",15
57,"[0, 1]",102.44999999999632,"[55, 55]","[0, 0]","[0, 0]",15
58,"[2, 3]",107.69999999999602,"[56, 56]","[0, 0]","[0, 0]",15
59,"[0, 1]",103.44999999999627,"[57, 57]","[0, 0]","[0, 0]",15
60,"[0, 1]",104.4999999999962,"[59, 59]","[0, 0]","[0, 0]",15
61,"[2, 3]",110.04999999999589,"[58, 58]","[0, 0]","[0, 0]",15
62,"[0, 1]",105.49999999999615,"[60, 60]","[0, 0]","[0, 0]",15
63,"[0, 1]",106.54999999999609,"[62, 62]","[0, 0]","[0, 0]",15
64,"[0, 1]",107.54999999999603,"[63, 63]","[0, 0]","[0, 0]",15
65,"[2, 3]",112.34999999999576,"[61, 61]","[0.7000000000000001, 0]","[0, 0]",15
66,"[2, 3]",114.64999999999563,"[65, 65]","[0.9500000000000003, 0]","[0, 0]",15
67,"[0, 1]",108.64999999999597,"[64, 64]","[0, 0]","[0, 0]",15
68,"[0, 1]",109.64999999999591,"[67, 67]","[0, 0]","[0, 0]",15
69,"[0, 1]",110.69999999999585,"[68, 68]","[0, 0]","[0, 0]",15
70,"[0, 1]",111.79999999999579,"[69, 69]","[0, 0]","[0, 0]",15
71,"[2, 3]",116.8999999999955,"[66, 66]","[0, 0]","[0, 0]",15
72,"[0, 1]",112.84999999999573,"[70, 70]","[0, 0]","[0, 0]",15
73,"[2, 3]",119.24999999999537,"[71, 71]","[0, 0]","[0, 0]",15
74,"[0, 1]",113.94999999999567,"[72, 72]","[0, 0]","[0, 0]",15
75,"[2, 3]",121.54999999999524,"[73, 73]","[0, 0]","[0, 0]",15
76,"[0, 1]",114.94999999999561,"[74, 74]","[0, 0]","[0, 0]",15
77,"[0, 1]",115.99999999999555,"[76, 76]","[0, 0]","[0, 0]",15
78,"[2, 3]",123.8499999999951,"[75, 75]","[0, 0]","[0, 0]",15
79,"[0, 1]",116.9999999999955,"[77, 77]","[0, 0]","[0, 0]",15
0,"[0, 1]",67.39999999999831,"[-999, -999]","[0, 0]","[0, 0]",16
1,"[0, 1]",70.09999999999816,"[0, 0]","[0, 0]","[0, 0]",16
2,"[0, 1]",71.2999999999981,"[1, 1]","[0, 0]","[0, 0]",16
3,"[2, 3]",67.7499999999983,"[-999, -999]","[0, 0]","[0, 0]",16
4,"[0, 1]",72.04999999999805,"[2, 2]","[0, 0]","[0, 0]",16
5,"[0, 1]",72.49999999999802,"[4, 4]","[0, 0]","[0, 0]",16
6,"[0, 1]",72.949999999998,"[5, 5]","[0, 0]","[0, 0]",16
7,"[0, 1]",73.14999999999799,"[6, 6]","[0, 0]","[0, 0]",16
8,"[2, 3]",69.4999999999982,"[3, 3]","[0, 0]","[0, 0]",16
9,"[0, 1]",73.39999999999797,"[7, 7]","[0, 0]","[0, 0]",16
10,"[0, 1]",73.84999999999795,"[9, 9]","[0, 0]","[0, 0]",16
11,"[2, 3]",71.99999999999805,"[8, 8]","[0, 0]","[0, 0]",16
12,"[2, 3]",73.69999999999796,"[11, 11]","[0, 0]","[0, 0]",16
13,"[0, 1]",74.54999999999791,"[10, 10]","[0, 0]","[0, 0]",16
14,"[2, 3]",75.19999999999787,"[12, 12]","[0, 0]","[0, 0]",16
15,"[0, 1]",75.49999999999785,"[13, 13]","[0, 0]","[0, 0]",16
16,"[0, 1]",76.59999999999779,"[15, 15]","[0, 0]","[0, 0]",16
17,"[0, 1]",77.69999999999773,"[16, 16]","[0, 0]","[0, 0]",16
18,"[0, 1]",78.74999999999767,"[17, 17]","[0, 0]","[0, 0]",16
19,"[0, 1]",79.74999999999761,"[18, 18]","[0, 0]","[0, 0]",16
20,"[2, 3]",76.4999999999978,"[14, 14]","[0, 0]","[0, 0]",16
21,"[0, 1]",80.79999999999755,"[19, 19]","[0, 0]","[0, 0]",16
22,"[0, 1]",81.8499999999975,"[21, 21]","[0, 0]","[0, 0]",16
23,"[0, 1]",82.89999999999743,"[22, 22]","[0, 0]","[0, 0]",16
24,"[2, 3]",77.74999999999773,"[20, 20]","[0, 0]","[0, 0]",16
25,"[0, 1]",83.89999999999738,"[23, 23]","[0, 0]","[0, 0]",16
26,"[2, 3]",78.89999999999766,"[24, 24]","[0, 0]","[0, 0]",16
27,"[2, 3]",80.09999999999759,"[26, 26]","[0, 0]","[0, 0]",16
28,"[0, 1]",84.94999999999732,"[25, 25]","[0, 0]","[0, 0]",16
29,"[2, 3]",81.7499999999975,"[27, 27]","[0, 0]","[0, 0]",16
30,"[2, 3]",83.79999999999738,"[29, 29]","[0, 0]","[0, 0]",16
31,"[2, 3]",85.94999999999726,"[30, 30]","[0, 0]","[0, 0]",16
32,"[0, 1]",85.94999999999726,"[28, 28]","[0, 0]","[0, 0]",16
33,"[2, 3]",88.29999999999713,"[31, 31]","[8.199999999999982, 0]","[0, 0]",16
34,"[2, 3]",90.599999999997,"[33, 33]","[5.949999999999987, 0]","[0, 0]",16
35,"[0, 1]",86.9999999999972,"[32, 32]","[0, 0]","[0, 0]",16
36,"[0, 1]",87.99999999999714,"[35, 35]","[0, 0]","[0, 0]",16
37,"[2, 3]",92.94999999999686,"[34, 34]","[4.249999999999993, 0]","[0, 0]",16
38,"[0, 1]",89.09999999999708,"[36, 36]","[0, 0]","[0, 0]",16
39,"[2, 3]",95.24999999999673,"[37, 37]","[2.6999999999999984, 0]","[0, 0]",16
40,"[2, 3]",97.4999999999966,"[39, 39]","[1.4000000000000006, 0]","[0, 0]",16
41,"[0, 1]",90.14999999999702,"[38, 38]","[0, 0]","[0, 0]",16
42,"[0, 1]",91.14999999999696,"[41, 41]","[0, 0]","[0, 0]",16
43,"[0, 1]",92.14999999999691,"[42, 42]","[0, 0]","[0, 0]",16
44,"[2, 3]",99.84999999999647,"[40, 40]","[0, 0]","[0, 0]",16
45,"[2, 3]",102.14999999999634,"[44, 44]","[0, 0]","[0, 0]",16
46,"[2, 3]",104.44999999999621,"[45, 45]","[0, 0]","[0, 0]",16
47,"[0, 1]",93.19999999999685,"[43, 43]","[0, 0]","[0, 0]",16
48,"[0, 1]",94.24999999999679,"[47, 47]","[0, 0]","[0, 0]",16
49,"[0, 1]",95.29999999999673,"[48, 48]","[0, 0]","[0, 0]",16
50,"[0, 1]",96.29999999999667,"[49, 49]","[0, 0]","[0, 0]",16
51,"[0, 1]",97.34999999999661,"[50, 50]","[0, 0]","[0, 0]",16
52,"[0, 1]",98.34999999999656,"[51, 51]","[0, 0]","[0, 0]",16
53,"[0, 1]",99.3499999999965,"[52, 52]","[0, 0]","[0, 0]",16
54,"[2, 3]",106.74999999999608,"[46, 46]","[0, 0]","[0, 0]",16
55,"[2, 3]",109.04999999999595,"[54, 54]","[0, 0]","[0, 0]",16
56,"[0, 1]",100.39999999999644,"[53, 53]","[0, 0]","[0, 0]",16
57,"[2, 3]",111.29999999999582,"[55, 55]","[0, 0]","[0, 0]",16
58,"[2, 3]",113.64999999999569,"[57, 57]","[0, 0]","[0, 0]",16
59,"[0, 1]",101.44999999999638,"[56, 56]","[0, 0]","[0, 0]",16
60,"[0, 1]",102.49999999999632,"[59, 59]","[0, 0]","[0, 0]",16
61,"[0, 1]",103.54999999999626,"[60, 60]","[0, 0]","[0, 0]",16
62,"[2, 3]",115.94999999999555,"[58, 58]","[0, 0]","[0, 0]",16
63,"[0, 1]",104.5499999999962,"[61, 61]","[0, 0]","[0, 0]",16
64,"[0, 1]",105.54999999999615,"[63, 63]","[0, 0]","[0, 0]",16
65,"[0, 1]",106.54999999999609,"[64, 64]","[0, 0]","[0, 0]",16
66,"[2, 3]",118.19999999999543,"[62, 62]","[0, 0]","[0, 0]",16
67,"[0, 1]",107.59999999999603,"[65, 65]","[0, 0]","[0, 0]",16
68,"[2, 3]",120.5499999999953,"[66, 66]","[0, 0]","[0, 0]",16
69,"[0, 1]",108.69999999999597,"[67, 67]","[0, 0]","[0, 0]",16
70,"[0, 1]",109.69999999999591,"[69, 69]","[0, 0]","[0, 0]",16
71,"[0, 1]",110.69999999999585,"[70, 70]","[0, 0]","[0, 0]",16
72,"[2, 3]",122.79999999999517,"[68, 68]","[0, 0]","[0, 0]",16
73,"[2, 3]",125.09999999999503,"[72, 72]","[0, 0]","[0, 0]",16
74,"[0, 1]",111.79999999999579,"[71, 71]","[0, 0]","[0, 0]",16
75,"[2, 3]",127.3999999999949,"[73, 73]","[0, 0]","[0, 0]",16
76,"[2, 3]",129.69999999999524,"[75, 75]","[0, 0]","[0, 0]",16
77,"[0, 1]",112.74999999999574,"[74, 74]","[0, 0]","[0, 0]",16
78,"[2, 3]",132.04999999999578,"[76, 76]","[0, 0]","[0, 0]",16
79,"[2, 3]",134.2999999999963,"[78, 78]","[0, 0]","[0, 0]",16
0,"[0, 1]",67.39999999999831,"[-999, -999]","[0, 0]","[0, 0]",17
1,"[0, 1]",70.09999999999816,"[0, 0]","[0, 0]","[0, 0]",17
2,"[2, 3]",67.7499999999983,"[-999, -999]","[0, 0]","[0, 0]",17
3,"[2, 3]",70.84999999999812,"[2, 2]","[0, 0]","[0, 0]",17
4,"[0, 1]",71.2999999999981,"[1, 1]","[0, 0]","[0, 0]",17
5,"[0, 1]",72.04999999999805,"[4, 4]","[0, 0]","[0, 0]",17
6,"[2, 3]",72.74999999999801,"[3, 3]","[0, 0]","[0, 0]",17
7,"[2, 3]",74.29999999999792,"[6, 6]","[0, 0]","[0, 0]",17
8,"[0, 1]",72.49999999999802,"[5, 5]","[0, 0]","[0, 0]",17
9,"[2, 3]",75.69999999999784,"[7, 7]","[0, 0]","[0, 0]",17
10,"[0, 1]",72.949999999998,"[8, 8]","[0, 0]","[0, 0]",17
11,"[0, 1]",73.14999999999799,"[10, 10]","[0, 0]","[0, 0]",17
12,"[0, 1]",73.39999999999797,"[11, 11]","[0, 0]","[0, 0]",17
13,"[2, 3]",76.99999999999777,"[9, 9]","[0, 0]","[0, 0]",17
14,"[2, 3]",78.1499999999977,"[13, 13]","[0, 0]","[0, 0]",17
15,"[2, 3]",79.34999999999764,"[14, 14]","[0, 0]","[0, 0]",17
16,"[2, 3]",80.54999999999757,"[15, 15]","[0, 0]","[0, 0]",17
17,"[2, 3]",82.34999999999746,"[16, 16]","[0, 0]","[0, 0]",17
18,"[0, 1]",73.84999999999795,"[12, 12]","[0, 0]","[0, 0]",17
19,"[0, 1]",74.54999999999791,"[18, 18]","[0, 0]","[0, 0]",17
20,"[0, 1]",75.49999999999785,"[19, 19]","[0, 0]","[0, 0]",17
21,"[0, 1]",76.59999999999779,"[20, 20]","[0, 0]","[0, 0]",17
22,"[0, 1]",77.69999999999773,"[21, 21]","[0, 0]","[0, 0]",17
23,"[2, 3]",84.44999999999735,"[17, 17]","[0, 0]","[0, 0]",17
24,"[0, 1]",78.69999999999767,"[22, 22]","[0, 0]","[0, 0]",17
25,"[0, 1]",79.69999999999762,"[24, 24]","[0, 0]","[0, 0]",17
26,"[2, 3]",86.74999999999721,"[23, 23]","[6.149999999999986, 0]","[0, 0]",17
27,"[2, 3]",89.04999999999708,"[26, 26]","[8.84999999999999, 0]","[0, 0]",17
28,"[2, 3]",91.29999999999696,"[27, 27]","[6.499999999999985, 0]","[0, 0]",17
29,"[0, 1]",80.69999999999756,"[25, 25]","[0, 0]","[0, 0]",17
30,"[0, 1]",81.7999999999975,"[29, 29]","[0, 0]","[0, 0]",17
31,"[2, 3]",93.64999999999682,"[28, 28]","[4.749999999999991, 0]","[0, 0]",17
32,"[0, 1]",82.84999999999744,"[30, 30]","[0, 0]","[0, 0]",17
33,"[2, 3]",95.99999999999669,"[31, 31]","[3.2499999999999964, 0]","[0, 0]",17
34,"[0, 1]",83.79999999999738,"[32, 32]","[0, 0]","[0, 0]",17
35,"[2, 3]",98.29999999999656,"[33, 33]","[1.7500000000000009, 0]","[0, 0]",17
36,"[0, 1]",84.84999999999732,"[34, 34]","[0, 0]","[0, 0]",17
37,"[0, 1]",85.84999999999727,"[36, 36]","[0, 0]","[0, 0]",17
38,"[0, 1]",86.84999999999721,"[37, 37]","[0, 0]","[0, 0]",17
39,"[0, 1]",87.84999999999715,"[38, 38]","[0, 0]","[0, 0]",17
40,"[0, 1]",88.94999999999709,"[39, 39]","[0, 0]","[0, 0]",17
41,"[2, 3]",100.59999999999643,"[35, 35]","[0, 0]","[0, 0]",17
42,"[2, 3]",102.8999999999963,"[41, 41]","[0, 0]","[0, 0]",17
43,"[2, 3]",105.19999999999617,"[42, 42]","[0, 0]","[0, 0]",17
44,"[0, 1]",90.04999999999703,"[40, 40]","[0, 0]","[0, 0]",17
45,"[0, 1]",90.99999999999697,"[44, 44]","[0, 0]","[0, 0]",17
46,"[0, 1]",91.99999999999692,"[45, 45]","[0, 0]","[0, 0]",17
47,"[0, 1]",93.04999999999686,"[46, 46]","[0, 0]","[0, 0]",17
48,"[0, 1]",94.0499999999968,"[47, 47]","[0, 0]","[0, 0]",17
49,"[2, 3]",107.49999999999604,"[43, 43]","[0, 0]","[0, 0]",17
50,"[0, 1]",95.04999999999674,"[48, 48]","[0, 0]","[0, 0]",17
51,"[0, 1]",96.09999999999668,"[50, 50]","[0, 0]","[0, 0]",17
52,"[2, 3]",109.7999999999959,"[49, 49]","[0, 0]","[0, 0]",17
53,"[0, 1]",97.24999999999662,"[51, 51]","[0, 0]","[0, 0]",17
54,"[2, 3]",112.04999999999578,"[52, 52]","[0, 0]","[0, 0]",17
55,"[2, 3]",114.39999999999564,"[54, 54]","[0.1, 0]","[0, 0]",17
56,"[0, 1]",98.19999999999656,"[53, 53]","[0, 0]","[0, 0]",17
57,"[2, 3]",116.69999999999551,"[55, 55]","[0, 0]","[0, 0]",17
58,"[0, 1]",99.1999999999965,"[56, 56]","[0, 0]","[0, 0]",17
59,"[0, 1]",100.24999999999645,"[58, 58]","[0, 0]","[0, 0]",17
60,"[0, 1]",101.29999999999639,"[59, 59]","[0, 0]","[0, 0]",17
61,"[0, 1]",102.34999999999633,"[60, 60]","[0, 0]","[0, 0]",17
62,"[2, 3]",118.94999999999538,"[57, 57]","[0, 0]","[0, 0]",17
63,"[0, 1]",103.39999999999627,"[61, 61]","[0, 0]","[0, 0]",17
64,"[0, 1]",104.39999999999621,"[63, 63]","[0, 0]","[0, 0]",17
65,"[0, 1]",105.39999999999615,"[64, 64]","[0, 0]","[0, 0]",17
66,"[0, 1]",106.3999999999961,"[65, 65]","[0, 0]","[0, 0]",17
67,"[2, 3]",121.34999999999525,"[62, 62]","[0, 0]","[0, 0]",17
68,"[2, 3]",123.59999999999512,"[67, 67]","[0, 0]","[0, 0]",17
69,"[2, 3]",125.89999999999499,"[68, 68]","[0, 0]","[0, 0]",17
70,"[2, 3]",128.2499999999949,"[69, 69]","[0, 0]","[0, 0]",17
71,"[2, 3]",130.49999999999542,"[70, 70]","[0, 0]","[0, 0]",17
72,"[2, 3]",132.89999999999597,"[71, 71]","[0, 0]","[0, 0]",17
73,"[2, 3]",135.14999999999648,"[72, 72]","[0, 0]","[0, 0]",17
74,"[2, 3]",137.49999999999702,"[73, 73]","[0, 0]","[0, 0]",17
75,"[2, 3]",139.79999999999754,"[74, 74]","[0, 0]","[0, 0]",17
76,"[2, 3]",142.09999999999806,"[75, 75]","[0, 0]","[0, 0]",17
77,"[0, 1]",107.39999999999604,"[66, 66]","[0, 0]","[0, 0]",17
78,"[2, 3]",144.4499999999986,"[76, 76]","[0, 0]","[0, 0]",17
79,"[2, 3]",146.6999999999991,"[78, 78]","[0, 0]","[0, 0]",17
